Species,Stock,Region,Latitude,Longitude,AlongShore_Distance,StockNumber,BY,S,R
pink,AKPen NW,Alaska Peninsula,54.982,163.37,3141,36,1962,4,21.8
pink,AKPen NW,Alaska Peninsula,54.982,163.37,3141,36,1963,4.4,2.9
pink,AKPen NW,Alaska Peninsula,54.982,163.37,3141,36,1964,15,17.7
pink,AKPen NW,Alaska Peninsula,54.982,163.37,3141,36,1965,0.9,1
pink,AKPen NW,Alaska Peninsula,54.982,163.37,3141,36,1966,1.7,26.5
pink,AKPen NW,Alaska Peninsula,54.982,163.37,3141,36,1967,0.7,4.4
pink,AKPen NW,Alaska Peninsula,54.982,163.37,3141,36,1968,26.5,18.9
pink,AKPen NW,Alaska Peninsula,54.982,163.37,3141,36,1969,4.4,8.8
pink,AKPen NW,Alaska Peninsula,54.982,163.37,3141,36,1970,11.1,1.2
pink,AKPen NW,Alaska Peninsula,54.982,163.37,3141,36,1971,8.5,0.2
pink,AKPen NW,Alaska Peninsula,54.982,163.37,3141,36,1972,1.2,33
pink,AKPen NW,Alaska Peninsula,54.982,163.37,3141,36,1973,0.2,0.6
pink,AKPen NW,Alaska Peninsula,54.982,163.37,3141,36,1974,23,37.3
pink,AKPen NW,Alaska Peninsula,54.982,163.37,3141,36,1975,0.6,6.4
pink,AKPen NW,Alaska Peninsula,54.982,163.37,3141,36,1976,37.3,558.2
pink,AKPen NW,Alaska Peninsula,54.982,163.37,3141,36,1977,6.4,12.7
pink,AKPen NW,Alaska Peninsula,54.982,163.37,3141,36,1978,90.4,391.9
pink,AKPen NW,Alaska Peninsula,54.982,163.37,3141,36,1979,9.3,14.8
pink,AKPen NW,Alaska Peninsula,54.982,163.37,3141,36,1980,94,56.8
pink,AKPen NW,Alaska Peninsula,54.982,163.37,3141,36,1981,5.7,5.2
pink,AKPen NW,Alaska Peninsula,54.982,163.37,3141,36,1982,51.7,42.8
pink,AKPen NW,Alaska Peninsula,54.982,163.37,3141,36,1983,3.9,3.3
pink,AKPen NW,Alaska Peninsula,54.982,163.37,3141,36,1984,33,22.8
pink,AKPen NW,Alaska Peninsula,54.982,163.37,3141,36,1985,1.4,1.9
pink,AKPen NW,Alaska Peninsula,54.982,163.37,3141,36,1986,12.9,58.7
pink,AKPen NW,Alaska Peninsula,54.982,163.37,3141,36,1987,1.1,5.1
pink,AKPen NW,Alaska Peninsula,54.982,163.37,3141,36,1988,28.5,22.3
pink,AKPen NW,Alaska Peninsula,54.982,163.37,3141,36,1989,1.9,4.6
pink,AKPen NW,Alaska Peninsula,54.982,163.37,3141,36,1990,22.2,58.3
pink,AKPen NW,Alaska Peninsula,54.982,163.37,3141,36,1991,1.2,0.8
pink,AKPen NW,Alaska Peninsula,54.982,163.37,3141,36,1992,50,282.8
pink,AKPen NW,Alaska Peninsula,54.982,163.37,3141,36,1993,0.7,6.6
pink,AKPen NW,Alaska Peninsula,54.982,163.37,3141,36,1994,94.7,219.8
pink,AKPen NW,Alaska Peninsula,54.982,163.37,3141,36,1995,5.2,9.9
pink,AKPen NW,Alaska Peninsula,54.982,163.37,3141,36,1996,216.6,145.6
pink,AKPen SE and Scentral,Alaska Peninsula,55.5,161,2988,37,1962,826.1,2417
pink,AKPen SE and Scentral,Alaska Peninsula,55.5,161,2988,37,1963,886.5,3121.3
pink,AKPen SE and Scentral,Alaska Peninsula,55.5,161,2988,37,1964,902.4,847.7
pink,AKPen SE and Scentral,Alaska Peninsula,55.5,161,2988,37,1965,789.9,380.4
pink,AKPen SE and Scentral,Alaska Peninsula,55.5,161,2988,37,1966,627.4,1391.4
pink,AKPen SE and Scentral,Alaska Peninsula,55.5,161,2988,37,1967,327.3,2769
pink,AKPen SE and Scentral,Alaska Peninsula,55.5,161,2988,37,1968,528.1,2386.27
pink,AKPen SE and Scentral,Alaska Peninsula,55.5,161,2988,37,1969,1906.2,1699.94
pink,AKPen SE and Scentral,Alaska Peninsula,55.5,161,2988,37,1970,1007.9,135.11
pink,AKPen SE and Scentral,Alaska Peninsula,55.5,161,2988,37,1971,488,122.13
pink,AKPen SE and Scentral,Alaska Peninsula,55.5,161,2988,37,1972,81.8,334.13
pink,AKPen SE and Scentral,Alaska Peninsula,55.5,161,2988,37,1973,85.7,387.85
pink,AKPen SE and Scentral,Alaska Peninsula,55.5,161,2988,37,1974,238.6,3119.81
pink,AKPen SE and Scentral,Alaska Peninsula,55.5,161,2988,37,1975,357.8,3332
pink,AKPen SE and Scentral,Alaska Peninsula,55.5,161,2988,37,1976,1084,6134.15
pink,AKPen SE and Scentral,Alaska Peninsula,55.5,161,2988,37,1977,2168.5,6964.13
pink,AKPen SE and Scentral,Alaska Peninsula,55.5,161,2988,37,1978,1966.3,5142.53
pink,AKPen SE and Scentral,Alaska Peninsula,55.5,161,2988,37,1979,2125.1,5825.47
pink,AKPen SE and Scentral,Alaska Peninsula,55.5,161,2988,37,1980,1410.4,5638.13
pink,AKPen SE and Scentral,Alaska Peninsula,55.5,161,2988,37,1981,1875,2884.63
pink,AKPen SE and Scentral,Alaska Peninsula,55.5,161,2988,37,1982,1533.2,8519.35
pink,AKPen SE and Scentral,Alaska Peninsula,55.5,161,2988,37,1983,639.2,4553.14
pink,AKPen SE and Scentral,Alaska Peninsula,55.5,161,2988,37,1984,2526.7,4252.06
pink,AKPen SE and Scentral,Alaska Peninsula,55.5,161,2988,37,1985,1229.3,2447.77
pink,AKPen SE and Scentral,Alaska Peninsula,55.5,161,2988,37,1986,1185.5,6336.99
pink,AKPen SE and Scentral,Alaska Peninsula,55.5,161,2988,37,1987,1304.4,6761.57
pink,AKPen SE and Scentral,Alaska Peninsula,55.5,161,2988,37,1988,1636.5,2756.94
pink,AKPen SE and Scentral,Alaska Peninsula,55.5,161,2988,37,1989,1179.3,9818.25
pink,AKPen SE and Scentral,Alaska Peninsula,55.5,161,2988,37,1990,1018.2,6641.63
pink,AKPen SE and Scentral,Alaska Peninsula,55.5,161,2988,37,1991,2268.4,9725.71
pink,AKPen SE and Scentral,Alaska Peninsula,55.5,161,2988,37,1992,1781,4850.29
pink,AKPen SE and Scentral,Alaska Peninsula,55.5,161,2988,37,1993,2232.2,15767.36
pink,AKPen SE and Scentral,Alaska Peninsula,55.5,161,2988,37,1994,1700.53,4182.9
pink,AKPen SE and Scentral,Alaska Peninsula,55.5,161,2988,37,1995,4404.45,4861.03
pink,AKPen SE and Scentral,Alaska Peninsula,55.5,161,2988,37,1996,2668.95,8421.89
pink,AKPen SW and Unimak,Alaska Peninsula,54.5,163.5,3156,38,1962,772.7,1724.7
pink,AKPen SW and Unimak,Alaska Peninsula,54.5,163.5,3156,38,1963,431.4,720.2
pink,AKPen SW and Unimak,Alaska Peninsula,54.5,163.5,3156,38,1964,534,160.5
pink,AKPen SW and Unimak,Alaska Peninsula,54.5,163.5,3156,38,1965,245.5,122.4
pink,AKPen SW and Unimak,Alaska Peninsula,54.5,163.5,3156,38,1966,92,573
pink,AKPen SW and Unimak,Alaska Peninsula,54.5,163.5,3156,38,1967,118.2,834
pink,AKPen SW and Unimak,Alaska Peninsula,54.5,163.5,3156,38,1968,295.2,543.03
pink,AKPen SW and Unimak,Alaska Peninsula,54.5,163.5,3156,38,1969,568.7,426.29
pink,AKPen SW and Unimak,Alaska Peninsula,54.5,163.5,3156,38,1970,291,36.56
pink,AKPen SW and Unimak,Alaska Peninsula,54.5,163.5,3156,38,1971,214.7,27.17
pink,AKPen SW and Unimak,Alaska Peninsula,54.5,163.5,3156,38,1972,29.6,50.45
pink,AKPen SW and Unimak,Alaska Peninsula,54.5,163.5,3156,38,1973,25.1,219.64
pink,AKPen SW and Unimak,Alaska Peninsula,54.5,163.5,3156,38,1974,45.8,679.19
pink,AKPen SW and Unimak,Alaska Peninsula,54.5,163.5,3156,38,1975,194.3,789.05
pink,AKPen SW and Unimak,Alaska Peninsula,54.5,163.5,3156,38,1976,372.4,2224.73
pink,AKPen SW and Unimak,Alaska Peninsula,54.5,163.5,3156,38,1977,509.3,2074.95
pink,AKPen SW and Unimak,Alaska Peninsula,54.5,163.5,3156,38,1978,892.4,3834.23
pink,AKPen SW and Unimak,Alaska Peninsula,54.5,163.5,3156,38,1979,504.4,1062.97
pink,AKPen SW and Unimak,Alaska Peninsula,54.5,163.5,3156,38,1980,1231.2,1670.93
pink,AKPen SW and Unimak,Alaska Peninsula,54.5,163.5,3156,38,1981,431.8,738.32
pink,AKPen SW and Unimak,Alaska Peninsula,54.5,163.5,3156,38,1982,759.8,5961.14
pink,AKPen SW and Unimak,Alaska Peninsula,54.5,163.5,3156,38,1983,212,1384.85
pink,AKPen SW and Unimak,Alaska Peninsula,54.5,163.5,3156,38,1984,1824.9,1204.07
pink,AKPen SW and Unimak,Alaska Peninsula,54.5,163.5,3156,38,1985,384.5,284.24
pink,AKPen SW and Unimak,Alaska Peninsula,54.5,163.5,3156,38,1986,531.2,3367.21
pink,AKPen SW and Unimak,Alaska Peninsula,54.5,163.5,3156,38,1987,236.1,2199.22
pink,AKPen SW and Unimak,Alaska Peninsula,54.5,163.5,3156,38,1988,1203.1,1187.5
pink,AKPen SW and Unimak,Alaska Peninsula,54.5,163.5,3156,38,1989,691.6,3105.97
pink,AKPen SW and Unimak,Alaska Peninsula,54.5,163.5,3156,38,1990,580.2,5310.25
pink,AKPen SW and Unimak,Alaska Peninsula,54.5,163.5,3156,38,1991,678.4,3111.1
pink,AKPen SW and Unimak,Alaska Peninsula,54.5,163.5,3156,38,1992,1053.4,4872.63
pink,AKPen SW and Unimak,Alaska Peninsula,54.5,163.5,3156,38,1993,757.9,6762.89
pink,AKPen SW and Unimak,Alaska Peninsula,54.5,163.5,3156,38,1994,1371.2,1285.48
pink,AKPen SW and Unimak,Alaska Peninsula,54.5,163.5,3156,38,1995,2001.85,2091.5
pink,AKPen SW and Unimak,Alaska Peninsula,54.5,163.5,3156,38,1996,978.6,3812.51
pink,Afognak,Kodiak,58.26222,152.5883,2431,26,1980,481.19,1020.61
pink,Afognak,Kodiak,58.26222,152.5883,2431,26,1981,431.26,423.72
pink,Afognak,Kodiak,58.26222,152.5883,2431,26,1982,328.22,697.89
pink,Afognak,Kodiak,58.26222,152.5883,2431,26,1983,229.47,723.53
pink,Afognak,Kodiak,58.26222,152.5883,2431,26,1984,232.56,1229.15
pink,Afognak,Kodiak,58.26222,152.5883,2431,26,1985,422.61,575.75
pink,Afognak,Kodiak,58.26222,152.5883,2431,26,1986,368.49,3077.85
pink,Afognak,Kodiak,58.26222,152.5883,2431,26,1987,260.85,943.02
pink,Afognak,Kodiak,58.26222,152.5883,2431,26,1988,651.85,1217.39
pink,Afognak,Kodiak,58.26222,152.5883,2431,26,1989,943.02,912.98
pink,Afognak,Kodiak,58.26222,152.5883,2431,26,1990,206.39,843.14
pink,Afognak,Kodiak,58.26222,152.5883,2431,26,1991,310.98,3026.16
pink,Afognak,Kodiak,58.26222,152.5883,2431,26,1992,447.94,1157.38
pink,Afognak,Kodiak,58.26222,152.5883,2431,26,1993,407.76,4332.73
pink,Afognak,Kodiak,58.26222,152.5883,2431,26,1994,533.98,293.77
pink,Afognak,Kodiak,58.26222,152.5883,2431,26,1995,588.73,579.94
pink,Afognak,Kodiak,58.26222,152.5883,2431,26,1996,127.87,1671.74
pink,Alitak,Kodiak,56.88528,154.1217,2546,28,1980,517.91,986.6
pink,Alitak,Kodiak,56.88528,154.1217,2546,28,1981,625.21,1868.88
pink,Alitak,Kodiak,56.88528,154.1217,2546,28,1982,466.83,747.32
pink,Alitak,Kodiak,56.88528,154.1217,2546,28,1983,440.36,1856.54
pink,Alitak,Kodiak,56.88528,154.1217,2546,28,1984,313.52,1077.13
pink,Alitak,Kodiak,56.88528,154.1217,2546,28,1985,798.64,1393.69
pink,Alitak,Kodiak,56.88528,154.1217,2546,28,1986,349.07,646.4
pink,Alitak,Kodiak,56.88528,154.1217,2546,28,1987,476.79,2892.82
pink,Alitak,Kodiak,56.88528,154.1217,2546,28,1988,260.4,234.01
pink,Alitak,Kodiak,56.88528,154.1217,2546,28,1989,2710.82,2842.24
pink,Alitak,Kodiak,56.88528,154.1217,2546,28,1990,89.01,242.22
pink,Alitak,Kodiak,56.88528,154.1217,2546,28,1991,468.24,4415.16
pink,Alitak,Kodiak,56.88528,154.1217,2546,28,1992,183.12,1666.71
pink,Alitak,Kodiak,56.88528,154.1217,2546,28,1993,949.66,10856.35
pink,Alitak,Kodiak,56.88528,154.1217,2546,28,1994,545.91,1043.86
pink,Alitak,Kodiak,56.88528,154.1217,2546,28,1995,3796.35,1459
pink,Alitak,Kodiak,56.88528,154.1217,2546,28,1996,490.46,2987.2
pink,Area 10,BC Central Coast,51.28722,127.6819,509,10,1950,35,60.05
pink,Area 10,BC Central Coast,51.28722,127.6819,509,10,1951,3.5,30.51
pink,Area 10,BC Central Coast,51.28722,127.6819,509,10,1952,35,15.49
pink,Area 10,BC Central Coast,51.28722,127.6819,509,10,1953,15.03,45.4
pink,Area 10,BC Central Coast,51.28722,127.6819,509,10,1954,6,60.27
pink,Area 10,BC Central Coast,51.28722,127.6819,509,10,1955,22.5,19.37
pink,Area 10,BC Central Coast,51.28722,127.6819,509,10,1956,35.03,58.28
pink,Area 10,BC Central Coast,51.28722,127.6819,509,10,1957,7.5,23.18
pink,Area 10,BC Central Coast,51.28722,127.6819,509,10,1958,3.5,32.5
pink,Area 10,BC Central Coast,51.28722,127.6819,509,10,1959,15.03,46.66
pink,Area 10,BC Central Coast,51.28722,127.6819,509,10,1960,3.5,178.06
pink,Area 10,BC Central Coast,51.28722,127.6819,509,10,1961,7.5,11.11
pink,Area 10,BC Central Coast,51.28722,127.6819,509,10,1962,35,62.42
pink,Area 10,BC Central Coast,51.28722,127.6819,509,10,1963,7.5,35.07
pink,Area 10,BC Central Coast,51.28722,127.6819,509,10,1964,1.5,45.22
pink,Area 10,BC Central Coast,51.28722,127.6819,509,10,1965,7.5,113.66
pink,Area 10,BC Central Coast,51.28722,127.6819,509,10,1966,7.5,99.63
pink,Area 10,BC Central Coast,51.28722,127.6819,509,10,1967,3.5,6.04
pink,Area 10,BC Central Coast,51.28722,127.6819,509,10,1968,15.03,72.55
pink,Area 10,BC Central Coast,51.28722,127.6819,509,10,1969,0.4,7.32
pink,Area 10,BC Central Coast,51.28722,127.6819,509,10,1970,15,12.94
pink,Area 10,BC Central Coast,51.28722,127.6819,509,10,1971,4,11.42
pink,Area 10,BC Central Coast,51.28722,127.6819,509,10,1972,2.53,32.2
pink,Area 10,BC Central Coast,51.28722,127.6819,509,10,1973,5.03,4.06
pink,Area 10,BC Central Coast,51.28722,127.6819,509,10,1974,9,33.06
pink,Area 10,BC Central Coast,51.28722,127.6819,509,10,1975,1.3,38.13
pink,Area 10,BC Central Coast,51.28722,127.6819,509,10,1976,22.1,35.49
pink,Area 10,BC Central Coast,51.28722,127.6819,509,10,1977,20.1,36.95
pink,Area 10,BC Central Coast,51.28722,127.6819,509,10,1978,19,3.26
pink,Area 10,BC Central Coast,51.28722,127.6819,509,10,1979,30.25,88.26
pink,Area 10,BC Central Coast,51.28722,127.6819,509,10,1980,2.5,12.41
pink,Area 10,BC Central Coast,51.28722,127.6819,509,10,1981,65.04,47.85
pink,Area 10,BC Central Coast,51.28722,127.6819,509,10,1982,9.03,3.99
pink,Area 10,BC Central Coast,51.28722,127.6819,509,10,1983,45.27,42.42
pink,Area 10,BC Central Coast,51.28722,127.6819,509,10,1984,3.52,34.89
pink,Area 10,BC Central Coast,51.28722,127.6819,509,10,1985,35.6,29.09
pink,Area 10,BC Central Coast,51.28722,127.6819,509,10,1986,26.57,38.63
pink,Area 10,BC Central Coast,51.28722,127.6819,509,10,1987,18.23,29.33
pink,Area 10,BC Central Coast,51.28722,127.6819,509,10,1988,18.11,45.46
pink,Area 10,BC Central Coast,51.28722,127.6819,509,10,1989,28.11,25.06
pink,Area 10,BC Central Coast,51.28722,127.6819,509,10,1990,41.07,51.7
pink,Area 10,BC Central Coast,51.28722,127.6819,509,10,1991,15.13,22.13
pink,Area 10,BC Central Coast,51.28722,127.6819,509,10,1992,2.1,11.91
pink,Area 10,BC Central Coast,51.28722,127.6819,509,10,1993,10.08,26.66
pink,Area 10,BC Central Coast,51.28722,127.6819,509,10,1994,2.03,6.8
pink,Area 10,BC Central Coast,51.28722,127.6819,509,10,1995,26.53,1.5
pink,Area 2E,BC North Coast,53.0175,131.5778,831,14,1950,357.25,1308.89
pink,Area 2E,BC North Coast,53.0175,131.5778,831,14,1951,29.78,26.32
pink,Area 2E,BC North Coast,53.0175,131.5778,831,14,1952,715.05,760.82
pink,Area 2E,BC North Coast,53.0175,131.5778,831,14,1953,25.78,52.91
pink,Area 2E,BC North Coast,53.0175,131.5778,831,14,1954,406,415.47
pink,Area 2E,BC North Coast,53.0175,131.5778,831,14,1955,23.28,173.85
pink,Area 2E,BC North Coast,53.0175,131.5778,831,14,1956,261.6,737.24
pink,Area 2E,BC North Coast,53.0175,131.5778,831,14,1957,46.28,147
pink,Area 2E,BC North Coast,53.0175,131.5778,831,14,1958,312.9,566.68
pink,Area 2E,BC North Coast,53.0175,131.5778,831,14,1959,142.28,58.58
pink,Area 2E,BC North Coast,53.0175,131.5778,831,14,1960,370.7,1521.05
pink,Area 2E,BC North Coast,53.0175,131.5778,831,14,1961,42.33,115.4
pink,Area 2E,BC North Coast,53.0175,131.5778,831,14,1962,677.45,176.45
pink,Area 2E,BC North Coast,53.0175,131.5778,831,14,1963,115.4,45.92
pink,Area 2E,BC North Coast,53.0175,131.5778,831,14,1964,138.8,784.77
pink,Area 2E,BC North Coast,53.0175,131.5778,831,14,1965,45.7,75.31
pink,Area 2E,BC North Coast,53.0175,131.5778,831,14,1966,509.38,1253.94
pink,Area 2E,BC North Coast,53.0175,131.5778,831,14,1967,71.95,146.16
pink,Area 2E,BC North Coast,53.0175,131.5778,831,14,1968,769.34,1385.87
pink,Area 2E,BC North Coast,53.0175,131.5778,831,14,1969,120.43,27.44
pink,Area 2E,BC North Coast,53.0175,131.5778,831,14,1970,808.36,1143.27
pink,Area 2E,BC North Coast,53.0175,131.5778,831,14,1971,26.7,34.62
pink,Area 2E,BC North Coast,53.0175,131.5778,831,14,1972,766.95,644.73
pink,Area 2E,BC North Coast,53.0175,131.5778,831,14,1973,34.23,26.03
pink,Area 2E,BC North Coast,53.0175,131.5778,831,14,1974,423.17,2233.2
pink,Area 2E,BC North Coast,53.0175,131.5778,831,14,1975,20.37,11.51
pink,Area 2E,BC North Coast,53.0175,131.5778,831,14,1976,615.1,774.89
pink,Area 2E,BC North Coast,53.0175,131.5778,831,14,1977,8.58,21.79
pink,Area 2E,BC North Coast,53.0175,131.5778,831,14,1978,528.39,306.18
pink,Area 2E,BC North Coast,53.0175,131.5778,831,14,1979,21.79,9.43
pink,Area 2E,BC North Coast,53.0175,131.5778,831,14,1980,305.17,164.3
pink,Area 2E,BC North Coast,53.0175,131.5778,831,14,1981,9.25,13.24
pink,Area 2E,BC North Coast,53.0175,131.5778,831,14,1982,164.2,235.48
pink,Area 2E,BC North Coast,53.0175,131.5778,831,14,1983,13.24,29.37
pink,Area 2E,BC North Coast,53.0175,131.5778,831,14,1984,191.85,1056.91
pink,Area 2E,BC North Coast,53.0175,131.5778,831,14,1985,19.99,35.8
pink,Area 2E,BC North Coast,53.0175,131.5778,831,14,1986,703.76,710.55
pink,Area 2E,BC North Coast,53.0175,131.5778,831,14,1987,35.57,25.98
pink,Area 2E,BC North Coast,53.0175,131.5778,831,14,1988,572.3,1211.59
pink,Area 2E,BC North Coast,53.0175,131.5778,831,14,1989,23.26,14.21
pink,Area 2E,BC North Coast,53.0175,131.5778,831,14,1990,876.18,677.87
pink,Area 2E,BC North Coast,53.0175,131.5778,831,14,1991,14.07,18.35
pink,Area 2E,BC North Coast,53.0175,131.5778,831,14,1992,654.26,586.62
pink,Area 2E,BC North Coast,53.0175,131.5778,831,14,1993,18.14,3.88
pink,Area 2E,BC North Coast,53.0175,131.5778,831,14,1994,501.81,624.37
pink,Area 2E,BC North Coast,53.0175,131.5778,831,14,1995,3.84,5.62
pink,Area 6,BC North Coast,53.08889,129.1992,685,13,1950,204.48,1857.25
pink,Area 6,BC North Coast,53.08889,129.1992,685,13,1951,633.83,268.62
pink,Area 6,BC North Coast,53.08889,129.1992,685,13,1952,480.55,790.78
pink,Area 6,BC North Coast,53.08889,129.1992,685,13,1953,121.09,525.71
pink,Area 6,BC North Coast,53.08889,129.1992,685,13,1954,210.9,2268.59
pink,Area 6,BC North Coast,53.08889,129.1992,685,13,1955,151.33,237.34
pink,Area 6,BC North Coast,53.08889,129.1992,685,13,1956,537.03,1494.36
pink,Area 6,BC North Coast,53.08889,129.1992,685,13,1957,62.03,378.12
pink,Area 6,BC North Coast,53.08889,129.1992,685,13,1958,416.08,1364.35
pink,Area 6,BC North Coast,53.08889,129.1992,685,13,1959,241.98,1712.84
pink,Area 6,BC North Coast,53.08889,129.1992,685,13,1960,568.18,6628.07
pink,Area 6,BC North Coast,53.08889,129.1992,685,13,1961,670.48,2834.38
pink,Area 6,BC North Coast,53.08889,129.1992,685,13,1962,2822.73,2938.38
pink,Area 6,BC North Coast,53.08889,129.1992,685,13,1963,1329.75,1738.3
pink,Area 6,BC North Coast,53.08889,129.1992,685,13,1964,1509.23,4485.55
pink,Area 6,BC North Coast,53.08889,129.1992,685,13,1965,509.15,196.11
pink,Area 6,BC North Coast,53.08889,129.1992,685,13,1966,1139.5,4249.94
pink,Area 6,BC North Coast,53.08889,129.1992,685,13,1967,95.53,139.84
pink,Area 6,BC North Coast,53.08889,129.1992,685,13,1968,1182.3,3544.64
pink,Area 6,BC North Coast,53.08889,129.1992,685,13,1969,105.42,606.81
pink,Area 6,BC North Coast,53.08889,129.1992,685,13,1970,753.7,6112.82
pink,Area 6,BC North Coast,53.08889,129.1992,685,13,1971,366.45,633.71
pink,Area 6,BC North Coast,53.08889,129.1992,685,13,1972,1023.9,926.59
pink,Area 6,BC North Coast,53.08889,129.1992,685,13,1973,233.04,348.93
pink,Area 6,BC North Coast,53.08889,129.1992,685,13,1974,400.93,1508.33
pink,Area 6,BC North Coast,53.08889,129.1992,685,13,1975,309.08,546.79
pink,Area 6,BC North Coast,53.08889,129.1992,685,13,1976,1021.29,3581.34
pink,Area 6,BC North Coast,53.08889,129.1992,685,13,1977,142.69,1214.7
pink,Area 6,BC North Coast,53.08889,129.1992,685,13,1978,853.86,3615.58
pink,Area 6,BC North Coast,53.08889,129.1992,685,13,1979,489.72,1627.9
pink,Area 6,BC North Coast,53.08889,129.1992,685,13,1980,740.11,984.04
pink,Area 6,BC North Coast,53.08889,129.1992,685,13,1981,377.4,4045.53
pink,Area 6,BC North Coast,53.08889,129.1992,685,13,1982,403.27,1240.06
pink,Area 6,BC North Coast,53.08889,129.1992,685,13,1983,476.79,2552.29
pink,Area 6,BC North Coast,53.08889,129.1992,685,13,1984,638.85,6073.83
pink,Area 6,BC North Coast,53.08889,129.1992,685,13,1985,1044.8,1603.74
pink,Area 6,BC North Coast,53.08889,129.1992,685,13,1986,1429.76,9159.52
pink,Area 6,BC North Coast,53.08889,129.1992,685,13,1987,673.62,623.26
pink,Area 6,BC North Coast,53.08889,129.1992,685,13,1988,1448.58,2854.81
pink,Area 6,BC North Coast,53.08889,129.1992,685,13,1989,579.4,1141.7
pink,Area 6,BC North Coast,53.08889,129.1992,685,13,1990,954.62,1247.84
pink,Area 6,BC North Coast,53.08889,129.1992,685,13,1991,611.92,286
pink,Area 6,BC North Coast,53.08889,129.1992,685,13,1992,700.8,353.5
pink,Area 6,BC North Coast,53.08889,129.1992,685,13,1993,277.79,618.14
pink,Area 6,BC North Coast,53.08889,129.1992,685,13,1994,237.02,1420.77
pink,Area 6,BC North Coast,53.08889,129.1992,685,13,1995,593.59,433.12
pink,Area 8,BC Central Coast,51.62194,127.8289,534,12,1950,260.61,1184.32
pink,Area 8,BC Central Coast,51.62194,127.8289,534,12,1951,988.17,945.17
pink,Area 8,BC Central Coast,51.62194,127.8289,534,12,1952,545.29,1202.64
pink,Area 8,BC Central Coast,51.62194,127.8289,534,12,1953,428.15,527.1
pink,Area 8,BC Central Coast,51.62194,127.8289,534,12,1954,351.38,1810.23
pink,Area 8,BC Central Coast,51.62194,127.8289,534,12,1955,350.29,919.62
pink,Area 8,BC Central Coast,51.62194,127.8289,534,12,1956,781.08,1085.04
pink,Area 8,BC Central Coast,51.62194,127.8289,534,12,1957,571.78,957.27
pink,Area 8,BC Central Coast,51.62194,127.8289,534,12,1958,283.41,3052.16
pink,Area 8,BC Central Coast,51.62194,127.8289,534,12,1959,530.05,2982.9
pink,Area 8,BC Central Coast,51.62194,127.8289,534,12,1960,1571.37,16054.13
pink,Area 8,BC Central Coast,51.62194,127.8289,534,12,1961,1249,2767.4
pink,Area 8,BC Central Coast,51.62194,127.8289,534,12,1962,3910.09,3594.02
pink,Area 8,BC Central Coast,51.62194,127.8289,534,12,1963,748.43,801.3
pink,Area 8,BC Central Coast,51.62194,127.8289,534,12,1964,763.13,3059.85
pink,Area 8,BC Central Coast,51.62194,127.8289,534,12,1965,222.1,86.33
pink,Area 8,BC Central Coast,51.62194,127.8289,534,12,1966,939.85,7445.62
pink,Area 8,BC Central Coast,51.62194,127.8289,534,12,1967,66.31,77.98
pink,Area 8,BC Central Coast,51.62194,127.8289,534,12,1968,2095,2743.46
pink,Area 8,BC Central Coast,51.62194,127.8289,534,12,1969,59.93,292.96
pink,Area 8,BC Central Coast,51.62194,127.8289,534,12,1970,731.1,2440.87
pink,Area 8,BC Central Coast,51.62194,127.8289,534,12,1971,257.15,223.66
pink,Area 8,BC Central Coast,51.62194,127.8289,534,12,1972,1356.1,4235.82
pink,Area 8,BC Central Coast,51.62194,127.8289,534,12,1973,166.88,240.53
pink,Area 8,BC Central Coast,51.62194,127.8289,534,12,1974,1469.9,3289.43
pink,Area 8,BC Central Coast,51.62194,127.8289,534,12,1975,150.1,529.52
pink,Area 8,BC Central Coast,51.62194,127.8289,534,12,1976,1382.2,4053.95
pink,Area 8,BC Central Coast,51.62194,127.8289,534,12,1977,434.69,1805.03
pink,Area 8,BC Central Coast,51.62194,127.8289,534,12,1978,2293.48,2011.08
pink,Area 8,BC Central Coast,51.62194,127.8289,534,12,1979,1123.33,2345.96
pink,Area 8,BC Central Coast,51.62194,127.8289,534,12,1980,1127.73,234.53
pink,Area 8,BC Central Coast,51.62194,127.8289,534,12,1981,737.36,2206.18
pink,Area 8,BC Central Coast,51.62194,127.8289,534,12,1982,195.59,1138.27
pink,Area 8,BC Central Coast,51.62194,127.8289,534,12,1983,1420.27,4009.01
pink,Area 8,BC Central Coast,51.62194,127.8289,534,12,1984,967.21,6692.27
pink,Area 8,BC Central Coast,51.62194,127.8289,534,12,1985,2793.62,780.24
pink,Area 8,BC Central Coast,51.62194,127.8289,534,12,1986,3271.54,13911.81
pink,Area 8,BC Central Coast,51.62194,127.8289,534,12,1987,383.06,680.92
pink,Area 8,BC Central Coast,51.62194,127.8289,534,12,1988,5204.57,6394.9
pink,Area 8,BC Central Coast,51.62194,127.8289,534,12,1989,522.53,2513.51
pink,Area 8,BC Central Coast,51.62194,127.8289,534,12,1990,2759.84,7322.76
pink,Area 8,BC Central Coast,51.62194,127.8289,534,12,1991,2399.35,1442.57
pink,Area 8,BC Central Coast,51.62194,127.8289,534,12,1992,4614.4,929.66
pink,Area 8,BC Central Coast,51.62194,127.8289,534,12,1993,1184.71,853.53
pink,Area 8,BC Central Coast,51.62194,127.8289,534,12,1994,367.79,2210.85
pink,Area 8,BC Central Coast,51.62194,127.8289,534,12,1995,629.1,1882.73
pink,Area 8,BC Central Coast,51.62194,127.8289,534,12,1996,1844.35,1113.77
pink,Area 9,BC Central Coast,51.46556,127.7422,521,11,1950,47.33,201.3
pink,Area 9,BC Central Coast,51.46556,127.7422,521,11,1951,116.03,151.71
pink,Area 9,BC Central Coast,51.46556,127.7422,521,11,1952,44.75,47.74
pink,Area 9,BC Central Coast,51.46556,127.7422,521,11,1953,44,112.78
pink,Area 9,BC Central Coast,51.46556,127.7422,521,11,1954,5.95,146.84
pink,Area 9,BC Central Coast,51.46556,127.7422,521,11,1955,9.3,57.7
pink,Area 9,BC Central Coast,51.46556,127.7422,521,11,1956,52.7,172.41
pink,Area 9,BC Central Coast,51.46556,127.7422,521,11,1957,7.6,56.44
pink,Area 9,BC Central Coast,51.46556,127.7422,521,11,1958,24.13,113.77
pink,Area 9,BC Central Coast,51.46556,127.7422,521,11,1959,19.25,149.09
pink,Area 9,BC Central Coast,51.46556,127.7422,521,11,1960,5.85,779.73
pink,Area 9,BC Central Coast,51.46556,127.7422,521,11,1961,22.45,52.11
pink,Area 9,BC Central Coast,51.46556,127.7422,521,11,1962,121.93,276.44
pink,Area 9,BC Central Coast,51.46556,127.7422,521,11,1963,16.78,48.72
pink,Area 9,BC Central Coast,51.46556,127.7422,521,11,1964,68.85,375.25
pink,Area 9,BC Central Coast,51.46556,127.7422,521,11,1965,18.88,30.77
pink,Area 9,BC Central Coast,51.46556,127.7422,521,11,1966,118.65,1559.61
pink,Area 9,BC Central Coast,51.46556,127.7422,521,11,1967,0.1,23.62
pink,Area 9,BC Central Coast,51.46556,127.7422,521,11,1968,111.05,329.88
pink,Area 9,BC Central Coast,51.46556,127.7422,521,11,1969,0.53,58.84
pink,Area 9,BC Central Coast,51.46556,127.7422,521,11,1970,144.18,1312.6
pink,Area 9,BC Central Coast,51.46556,127.7422,521,11,1971,34.21,99.61
pink,Area 9,BC Central Coast,51.46556,127.7422,521,11,1972,502.4,574.49
pink,Area 9,BC Central Coast,51.46556,127.7422,521,11,1973,9.77,114.21
pink,Area 9,BC Central Coast,51.46556,127.7422,521,11,1974,214.85,843.77
pink,Area 9,BC Central Coast,51.46556,127.7422,521,11,1975,87.15,237.78
pink,Area 9,BC Central Coast,51.46556,127.7422,521,11,1976,259.6,482.83
pink,Area 9,BC Central Coast,51.46556,127.7422,521,11,1977,47.6,73.01
pink,Area 9,BC Central Coast,51.46556,127.7422,521,11,1978,109.65,146.71
pink,Area 9,BC Central Coast,51.46556,127.7422,521,11,1979,49.35,196.89
pink,Area 9,BC Central Coast,51.46556,127.7422,521,11,1980,135.8,101.95
pink,Area 9,BC Central Coast,51.46556,127.7422,521,11,1981,93.05,136.11
pink,Area 9,BC Central Coast,51.46556,127.7422,521,11,1982,100,217.84
pink,Area 9,BC Central Coast,51.46556,127.7422,521,11,1983,124.28,352.64
pink,Area 9,BC Central Coast,51.46556,127.7422,521,11,1984,138.1,440.59
pink,Area 9,BC Central Coast,51.46556,127.7422,521,11,1985,276.7,173.08
pink,Area 9,BC Central Coast,51.46556,127.7422,521,11,1986,289.82,390.93
pink,Area 9,BC Central Coast,51.46556,127.7422,521,11,1987,65.19,30.26
pink,Area 9,BC Central Coast,51.46556,127.7422,521,11,1988,242.15,410.56
pink,Area 9,BC Central Coast,51.46556,127.7422,521,11,1989,25.62,6.99
pink,Area 9,BC Central Coast,51.46556,127.7422,521,11,1990,257.2,291.53
pink,Area 9,BC Central Coast,51.46556,127.7422,521,11,1991,4.99,15.38
pink,Area 9,BC Central Coast,51.46556,127.7422,521,11,1992,158.59,116.53
pink,Area 9,BC Central Coast,51.46556,127.7422,521,11,1993,13.1,18.63
pink,Area 9,BC Central Coast,51.46556,127.7422,521,11,1994,97.55,333.2
pink,Area 9,BC Central Coast,51.46556,127.7422,521,11,1995,18,156.92
pink,Area 9,BC Central Coast,51.46556,127.7422,521,11,1996,333.2,155.5
pink,Chignik Bay,Chignik,56.38528,158.2261,2805,31,1962,30,143.6
pink,Chignik Bay,Chignik,56.38528,158.2261,2805,31,1963,20.7,42.5
pink,Chignik Bay,Chignik,56.38528,158.2261,2805,31,1964,20,89.6
pink,Chignik Bay,Chignik,56.38528,158.2261,2805,31,1965,11,33.1
pink,Chignik Bay,Chignik,56.38528,158.2261,2805,31,1966,71.3,311.6
pink,Chignik Bay,Chignik,56.38528,158.2261,2805,31,1967,5.7,41.2
pink,Chignik Bay,Chignik,56.38528,158.2261,2805,31,1968,81.4,89.9
pink,Chignik Bay,Chignik,56.38528,158.2261,2805,31,1969,11.7,70.8
pink,Chignik Bay,Chignik,56.38528,158.2261,2805,31,1970,43.6,37.4
pink,Chignik Bay,Chignik,56.38528,158.2261,2805,31,1971,5.5,24.9
pink,Chignik Bay,Chignik,56.38528,158.2261,2805,31,1972,5.8,37.5
pink,Chignik Bay,Chignik,56.38528,158.2261,2805,31,1973,2.2,28.6
pink,Chignik Bay,Chignik,56.38528,158.2261,2805,31,1974,4,121.1
pink,Chignik Bay,Chignik,56.38528,158.2261,2805,31,1975,1.2,63.9
pink,Chignik Bay,Chignik,56.38528,158.2261,2805,31,1976,12.3,147.8
pink,Chignik Bay,Chignik,56.38528,158.2261,2805,31,1977,3,313.6
pink,Chignik Bay,Chignik,56.38528,158.2261,2805,31,1978,10.7,183.9
pink,Chignik Bay,Chignik,56.38528,158.2261,2805,31,1979,1.2,122.8
pink,Chignik Bay,Chignik,56.38528,158.2261,2805,31,1980,3,85.4
pink,Chignik Bay,Chignik,56.38528,158.2261,2805,31,1981,1.4,28.3
pink,Chignik Bay,Chignik,56.38528,158.2261,2805,31,1982,2.4,288.4
pink,Chignik Bay,Chignik,56.38528,158.2261,2805,31,1983,1,14.4
pink,Chignik Bay,Chignik,56.38528,158.2261,2805,31,1984,123.2,191.3
pink,Chignik Bay,Chignik,56.38528,158.2261,2805,31,1988,22.4,100.5
pink,Chignik Bay,Chignik,56.38528,158.2261,2805,31,1989,13.5,88.4
pink,Chignik Bay,Chignik,56.38528,158.2261,2805,31,1990,6,234
pink,Chignik Bay,Chignik,56.38528,158.2261,2805,31,1991,12.2,57.9
pink,Chignik Bay,Chignik,56.38528,158.2261,2805,31,1992,55.8,135.2
pink,Chignik Bay,Chignik,56.38528,158.2261,2805,31,1993,2,287.4
pink,Chignik Bay,Chignik,56.38528,158.2261,2805,31,1994,75.8,44.6
pink,Chignik Bay,Chignik,56.38528,158.2261,2805,31,1995,180.5,98.9
pink,Chignik Central,Chignik,56.59639,157.9933,2787,32,1962,83.9,203
pink,Chignik Central,Chignik,56.59639,157.9933,2787,32,1963,92.6,135.3
pink,Chignik Central,Chignik,56.59639,157.9933,2787,32,1964,131.1,80
pink,Chignik Central,Chignik,56.59639,157.9933,2787,32,1965,65.8,44.5
pink,Chignik Central,Chignik,56.59639,157.9933,2787,32,1966,62.6,111.5
pink,Chignik Central,Chignik,56.59639,157.9933,2787,32,1967,18.5,71
pink,Chignik Central,Chignik,56.59639,157.9933,2787,32,1968,66.1,88.6
pink,Chignik Central,Chignik,56.59639,157.9933,2787,32,1969,69.6,95.3
pink,Chignik Central,Chignik,56.59639,157.9933,2787,32,1970,60.7,3.9
pink,Chignik Central,Chignik,56.59639,157.9933,2787,32,1971,74.8,50.5
pink,Chignik Central,Chignik,56.59639,157.9933,2787,32,1972,3.1,31.9
pink,Chignik Central,Chignik,56.59639,157.9933,2787,32,1973,50.2,57.7
pink,Chignik Central,Chignik,56.59639,157.9933,2787,32,1974,9.8,82.6
pink,Chignik Central,Chignik,56.59639,157.9933,2787,32,1975,26.4,319.9
pink,Chignik Central,Chignik,56.59639,157.9933,2787,32,1976,66,162.4
pink,Chignik Central,Chignik,56.59639,157.9933,2787,32,1977,199.9,581.4
pink,Chignik Central,Chignik,56.59639,157.9933,2787,32,1978,101.2,208.1
pink,Chignik Central,Chignik,56.59639,157.9933,2787,32,1979,297,286.5
pink,Chignik Central,Chignik,56.59639,157.9933,2787,32,1980,99.4,106.7
pink,Chignik Central,Chignik,56.59639,157.9933,2787,32,1981,76.5,18.9
pink,Chignik Central,Chignik,56.59639,157.9933,2787,32,1982,26.1,141.3
pink,Chignik Central,Chignik,56.59639,157.9933,2787,32,1983,11,23.5
pink,Chignik Central,Chignik,56.59639,157.9933,2787,32,1984,94,166
pink,Chignik Central,Chignik,56.59639,157.9933,2787,32,1985,7.4,73.5
pink,Chignik Central,Chignik,56.59639,157.9933,2787,32,1986,121.9,534.8
pink,Chignik Central,Chignik,56.59639,157.9933,2787,32,1987,65.7,215
pink,Chignik Central,Chignik,56.59639,157.9933,2787,32,1988,216.4,365.6
pink,Chignik Central,Chignik,56.59639,157.9933,2787,32,1989,215,375.1
pink,Chignik Central,Chignik,56.59639,157.9933,2787,32,1990,131.9,429.5
pink,Chignik Central,Chignik,56.59639,157.9933,2787,32,1991,201.1,359.4
pink,Chignik Central,Chignik,56.59639,157.9933,2787,32,1992,223.8,278
pink,Chignik Central,Chignik,56.59639,157.9933,2787,32,1993,160.9,1185.2
pink,Chignik Central,Chignik,56.59639,157.9933,2787,32,1994,178.9,252.9
pink,Chignik Central,Chignik,56.59639,157.9933,2787,32,1995,715.5,1194.6
pink,Chignik E,Chignik,56.98528,156.5806,2695,33,1962,401.7,1857.2
pink,Chignik E,Chignik,56.98528,156.5806,2695,33,1963,126.2,90.5
pink,Chignik E,Chignik,56.98528,156.5806,2695,33,1964,605.7,688.4
pink,Chignik E,Chignik,56.98528,156.5806,2695,33,1965,64.8,78.7
pink,Chignik E,Chignik,56.98528,156.5806,2695,33,1966,302.2,913.7
pink,Chignik E,Chignik,56.98528,156.5806,2695,33,1967,56.1,47.7
pink,Chignik E,Chignik,56.98528,156.5806,2695,33,1968,390.3,470.6
pink,Chignik E,Chignik,56.98528,156.5806,2695,33,1969,46,52
pink,Chignik E,Chignik,56.98528,156.5806,2695,33,1970,201.7,28.8
pink,Chignik E,Chignik,56.98528,156.5806,2695,33,1971,23,15.3
pink,Chignik E,Chignik,56.98528,156.5806,2695,33,1972,15.9,76.8
pink,Chignik E,Chignik,56.98528,156.5806,2695,33,1973,12.8,23.5
pink,Chignik E,Chignik,56.98528,156.5806,2695,33,1974,76.2,257.6
pink,Chignik E,Chignik,56.98528,156.5806,2695,33,1975,23.5,76.2
pink,Chignik E,Chignik,56.98528,156.5806,2695,33,1976,228.8,396.1
pink,Chignik E,Chignik,56.98528,156.5806,2695,33,1977,76,486.7
pink,Chignik E,Chignik,56.98528,156.5806,2695,33,1978,309.3,898
pink,Chignik E,Chignik,56.98528,156.5806,2695,33,1979,194.3,328
pink,Chignik E,Chignik,56.98528,156.5806,2695,33,1980,425.5,390.6
pink,Chignik E,Chignik,56.98528,156.5806,2695,33,1981,154.7,54.1
pink,Chignik E,Chignik,56.98528,156.5806,2695,33,1982,301.5,544.2
pink,Chignik E,Chignik,56.98528,156.5806,2695,33,1983,46.3,218.7
pink,Chignik E,Chignik,56.98528,156.5806,2695,33,1984,486.5,630.3
pink,Chignik E,Chignik,56.98528,156.5806,2695,33,1985,212.1,217.7
pink,Chignik E,Chignik,56.98528,156.5806,2695,33,1986,580.7,2011.8
pink,Chignik E,Chignik,56.98528,156.5806,2695,33,1987,215.6,881
pink,Chignik E,Chignik,56.98528,156.5806,2695,33,1988,1005.4,852
pink,Chignik E,Chignik,56.98528,156.5806,2695,33,1989,881,153
pink,Chignik E,Chignik,56.98528,156.5806,2695,33,1990,811.4,1501.2
pink,Chignik E,Chignik,56.98528,156.5806,2695,33,1991,125,584
pink,Chignik E,Chignik,56.98528,156.5806,2695,33,1992,1318,876.3
pink,Chignik E,Chignik,56.98528,156.5806,2695,33,1993,524.7,1407.9
pink,Chignik E,Chignik,56.98528,156.5806,2695,33,1994,863.3,1066.8
pink,Chignik E,Chignik,56.98528,156.5806,2695,33,1995,1399.3,1360
pink,Chignik W,Chignik,56.06667,158.6756,2837,34,1962,242,277.9
pink,Chignik W,Chignik,56.06667,158.6756,2837,34,1963,305,497.6
pink,Chignik W,Chignik,56.06667,158.6756,2837,34,1964,165,352.5
pink,Chignik W,Chignik,56.06667,158.6756,2837,34,1965,152,131.5
pink,Chignik W,Chignik,56.06667,158.6756,2837,34,1966,179.3,446.9
pink,Chignik W,Chignik,56.06667,158.6756,2837,34,1967,104.4,907
pink,Chignik W,Chignik,56.06667,158.6756,2837,34,1968,151.3,644.7
pink,Chignik W,Chignik,56.06667,158.6756,2837,34,1969,422,554.2
pink,Chignik W,Chignik,56.06667,158.6756,2837,34,1970,202,23.5
pink,Chignik W,Chignik,56.06667,158.6756,2837,34,1971,268.8,62.4
pink,Chignik W,Chignik,56.06667,158.6756,2837,34,1972,8.6,90.8
pink,Chignik W,Chignik,56.06667,158.6756,2837,34,1973,62.4,149.1
pink,Chignik W,Chignik,56.06667,158.6756,2837,34,1974,77.4,250
pink,Chignik W,Chignik,56.06667,158.6756,2837,34,1975,141.7,734.5
pink,Chignik W,Chignik,56.06667,158.6756,2837,34,1976,114.2,752.7
pink,Chignik W,Chignik,56.06667,158.6756,2837,34,1977,355.5,929.6
pink,Chignik W,Chignik,56.06667,158.6756,2837,34,1978,333.4,356
pink,Chignik W,Chignik,56.06667,158.6756,2837,34,1979,185,682.9
pink,Chignik W,Chignik,56.06667,158.6756,2837,34,1980,139.5,648.3
pink,Chignik W,Chignik,56.06667,158.6756,2837,34,1981,249.3,200.3
pink,Chignik W,Chignik,56.06667,158.6756,2837,34,1982,45.9,361.8
pink,Chignik W,Chignik,56.06667,158.6756,2837,34,1983,36,148.1
pink,Chignik W,Chignik,56.06667,158.6756,2837,34,1984,188,244.6
pink,Chignik W,Chignik,56.06667,158.6756,2837,34,1985,67.5,226
pink,Chignik W,Chignik,56.06667,158.6756,2837,34,1986,43.8,1373.8
pink,Chignik W,Chignik,56.06667,158.6756,2837,34,1987,38.3,57.9
pink,Chignik W,Chignik,56.06667,158.6756,2837,34,1988,232.4,180.1
pink,Chignik W,Chignik,56.06667,158.6756,2837,34,1989,57.9,516.1
pink,Chignik W,Chignik,56.06667,158.6756,2837,34,1990,44.3,667.7
pink,Chignik W,Chignik,56.06667,158.6756,2837,34,1991,96.8,731.4
pink,Chignik W,Chignik,56.06667,158.6756,2837,34,1992,38.8,286.2
pink,Chignik W,Chignik,56.06667,158.6756,2837,34,1993,45.8,1346.4
pink,Chignik W,Chignik,56.06667,158.6756,2837,34,1994,111.6,321.7
pink,Chignik W,Chignik,56.06667,158.6756,2837,34,1995,554.7,425.2
pink,Cook Outer D.,Cook Inlet,59.38389,150.7528,2302,24,1960,208.2,1819
pink,Cook Outer D.,Cook Inlet,59.38389,150.7528,2302,24,1961,40,62.2
pink,Cook Outer D.,Cook Inlet,59.38389,150.7528,2302,24,1962,287,870.6
pink,Cook Outer D.,Cook Inlet,59.38389,150.7528,2302,24,1963,41,83.6
pink,Cook Outer D.,Cook Inlet,59.38389,150.7528,2302,24,1964,155.4,417
pink,Cook Outer D.,Cook Inlet,59.38389,150.7528,2302,24,1965,62.8,293.4
pink,Cook Outer D.,Cook Inlet,59.38389,150.7528,2302,24,1966,110,165.3
pink,Cook Outer D.,Cook Inlet,59.38389,150.7528,2302,24,1967,33.5,90.8
pink,Cook Outer D.,Cook Inlet,59.38389,150.7528,2302,24,1968,86.1,461.2
pink,Cook Outer D.,Cook Inlet,59.38389,150.7528,2302,24,1969,39.3,299.9
pink,Cook Outer D.,Cook Inlet,59.38389,150.7528,2302,24,1970,90.1,21.4
pink,Cook Outer D.,Cook Inlet,59.38389,150.7528,2302,24,1971,163.4,237.3
pink,Cook Outer D.,Cook Inlet,59.38389,150.7528,2302,24,1972,21.4,4.5
pink,Cook Outer D.,Cook Inlet,59.38389,150.7528,2302,24,1973,51.4,227.8
pink,Cook Outer D.,Cook Inlet,59.38389,150.7528,2302,24,1974,3.7,15.8
pink,Cook Outer D.,Cook Inlet,59.38389,150.7528,2302,24,1975,103.4,1287.1
pink,Cook Outer D.,Cook Inlet,59.38389,150.7528,2302,24,1976,15.8,128.5
pink,Cook Outer D.,Cook Inlet,59.38389,150.7528,2302,24,1977,219.2,2121.7
pink,Cook Outer D.,Cook Inlet,59.38389,150.7528,2302,24,1978,65.2,223.1
pink,Cook Outer D.,Cook Inlet,59.38389,150.7528,2302,24,1979,307.6,1419.3
pink,Cook Outer D.,Cook Inlet,59.38389,150.7528,2302,24,1980,86.6,109.2
pink,Cook Outer D.,Cook Inlet,59.38389,150.7528,2302,24,1981,203.2,260.3
pink,Cook Outer D.,Cook Inlet,59.38389,150.7528,2302,24,1982,52.6,186.9
pink,Cook Outer D.,Cook Inlet,59.38389,150.7528,2302,24,1983,115.7,596
pink,Cook Outer D.,Cook Inlet,59.38389,150.7528,2302,24,1984,102.3,390.4
pink,Cook Outer D.,Cook Inlet,59.38389,150.7528,2302,24,1985,128.6,29.9
pink,Cook Outer D.,Cook Inlet,59.38389,150.7528,2302,24,1986,86.4,56.2
pink,Cook Outer D.,Cook Inlet,59.38389,150.7528,2302,24,1987,26.9,145.6
pink,Cook Outer D.,Cook Inlet,59.38389,150.7528,2302,24,1988,50.3,318.3
pink,Cook Outer D.,Cook Inlet,59.38389,150.7528,2302,24,1989,135.9,530
pink,Cook Outer D.,Cook Inlet,59.38389,150.7528,2302,24,1990,127.1,61.3
pink,Cook Outer D.,Cook Inlet,59.38389,150.7528,2302,24,1991,183.7,265.5
pink,Cook Outer D.,Cook Inlet,59.38389,150.7528,2302,24,1992,61.2,73.6
pink,Cook Outer D.,Cook Inlet,59.38389,150.7528,2302,24,1993,180.8,286.8
pink,Cook Outer D.,Cook Inlet,59.38389,150.7528,2302,24,1994,72,164.4
pink,Cook Outer D.,Cook Inlet,59.38389,150.7528,2302,24,1995,130.5,371.1
pink,Cook Outer D.,Cook Inlet,59.38389,150.7528,2302,24,1996,164.4,369.6
pink,Cook S D.,Cook Inlet,59.52528,151.48,2344,23,1960,50,390.8
pink,Cook S D.,Cook Inlet,59.52528,151.48,2344,23,1961,52.6,74.6
pink,Cook S D.,Cook Inlet,59.52528,151.48,2344,23,1962,156,223.8
pink,Cook S D.,Cook Inlet,59.52528,151.48,2344,23,1963,49.7,97.8
pink,Cook S D.,Cook Inlet,59.52528,151.48,2344,23,1964,94.5,213.8
pink,Cook S D.,Cook Inlet,59.52528,151.48,2344,23,1965,59.5,105.7
pink,Cook S D.,Cook Inlet,59.52528,151.48,2344,23,1966,140,151.5
pink,Cook S D.,Cook Inlet,59.52528,151.48,2344,23,1967,82,100.8
pink,Cook S D.,Cook Inlet,59.52528,151.48,2344,23,1968,102.3,218.6
pink,Cook S D.,Cook Inlet,59.52528,151.48,2344,23,1969,69.4,117.7
pink,Cook S D.,Cook Inlet,59.52528,151.48,2344,23,1970,94.8,25
pink,Cook S D.,Cook Inlet,59.52528,151.48,2344,23,1971,89.3,129
pink,Cook S D.,Cook Inlet,59.52528,151.48,2344,23,1972,22,75.2
pink,Cook S D.,Cook Inlet,59.52528,151.48,2344,23,1973,58.4,817.5
pink,Cook S D.,Cook Inlet,59.52528,151.48,2344,23,1974,33.9,69.5
pink,Cook S D.,Cook Inlet,59.52528,151.48,2344,23,1975,127.5,261.1
pink,Cook S D.,Cook Inlet,59.52528,151.48,2344,23,1976,59.3,133.5
pink,Cook S D.,Cook Inlet,59.52528,151.48,2344,23,1977,142.3,818.9
pink,Cook S D.,Cook Inlet,59.52528,151.48,2344,23,1978,77.4,330.9
pink,Cook S D.,Cook Inlet,59.52528,151.48,2344,23,1979,276.4,608.3
pink,Cook S D.,Cook Inlet,59.52528,151.48,2344,23,1980,170.1,209.8
pink,Cook S D.,Cook Inlet,59.52528,151.48,2344,23,1981,196.1,192
pink,Cook S D.,Cook Inlet,59.52528,151.48,2344,23,1982,99.2,173
pink,Cook S D.,Cook Inlet,59.52528,151.48,2344,23,1983,136.5,188
pink,Cook S D.,Cook Inlet,59.52528,151.48,2344,23,1984,109.3,223.7
pink,Cook S D.,Cook Inlet,59.52528,151.48,2344,23,1985,166.1,41.5
pink,Cook S D.,Cook Inlet,59.52528,151.48,2344,23,1986,95.4,62.4
pink,Cook S D.,Cook Inlet,59.52528,151.48,2344,23,1987,38,230.8
pink,Cook S D.,Cook Inlet,59.52528,151.48,2344,23,1988,46.2,78.5
pink,Cook S D.,Cook Inlet,59.52528,151.48,2344,23,1989,138.3,76.7
pink,Cook S D.,Cook Inlet,59.52528,151.48,2344,23,1990,74.9,36.9
pink,Cook S D.,Cook Inlet,59.52528,151.48,2344,23,1991,76.4,94.8
pink,Cook S D.,Cook Inlet,59.52528,151.48,2344,23,1992,35,51.5
pink,Cook S D.,Cook Inlet,59.52528,151.48,2344,23,1993,92.2,179.9
pink,Cook S D.,Cook Inlet,59.52528,151.48,2344,23,1994,46.1,37.9
pink,Cook S D.,Cook Inlet,59.52528,151.48,2344,23,1995,147.8,287.3
pink,Cook S D.,Cook Inlet,59.52528,151.48,2344,23,1996,33.8,69
pink,Dungeness,Washington,48.1508,123.1333,84,7,1959,40,82.7
pink,Dungeness,Washington,48.1508,123.1333,84,7,1961,70,699.59
pink,Dungeness,Washington,48.1508,123.1333,84,7,1963,400,99.76
pink,Dungeness,Washington,48.1508,123.1333,84,7,1965,75,219.94
pink,Dungeness,Washington,48.1508,123.1333,84,7,1967,95,21.3
pink,Dungeness,Washington,48.1508,123.1333,84,7,1969,14.4,65.64
pink,Dungeness,Washington,48.1508,123.1333,84,7,1971,46,78.94
pink,Dungeness,Washington,48.1508,123.1333,84,7,1973,47,38.07
pink,Dungeness,Washington,48.1508,123.1333,84,7,1975,24.3,76.79
pink,Dungeness,Washington,48.1508,123.1333,84,7,1977,35.7,173.38
pink,Dungeness,Washington,48.1508,123.1333,84,7,1979,50.1,7.15
pink,Dungeness,Washington,48.1508,123.1333,84,7,1981,2.9,6.76
pink,Dungeness,Washington,48.1508,123.1333,84,7,1983,4.89,7.38
pink,Dungeness,Washington,48.1508,123.1333,84,7,1985,4.73,4.88
pink,Dungeness,Washington,48.1508,123.1333,84,7,1987,1.91,23.85
pink,Dungeness,Washington,48.1508,123.1333,84,7,1989,10.9,31.32
pink,Dungeness,Washington,48.1508,123.1333,84,7,1991,9.9,3.14
pink,Dungeness,Washington,48.1508,123.1333,84,7,1993,1.7,11.24
pink,Dungeness,Washington,48.1508,123.1333,84,7,1995,8.25,11.25
pink,Fraser,BC South Coast,49.12333,123.0569,123,8,1957,2242.87,6460
pink,Fraser,BC South Coast,49.12333,123.0569,123,8,1959,1078,1890
pink,Fraser,BC South Coast,49.12333,123.0569,123,8,1961,1092.56,5470
pink,Fraser,BC South Coast,49.12333,123.0569,123,8,1963,1954.04,2320
pink,Fraser,BC South Coast,49.12333,123.0569,123,8,1965,1194.1,12968
pink,Fraser,BC South Coast,49.12333,123.0569,123,8,1967,1831.22,4100
pink,Fraser,BC South Coast,49.12333,123.0569,123,8,1969,1530.91,9800
pink,Fraser,BC South Coast,49.12333,123.0569,123,8,1971,1804.95,6900
pink,Fraser,BC South Coast,49.12333,123.0569,123,8,1973,1754.26,5000
pink,Fraser,BC South Coast,49.12333,123.0569,123,8,1975,1367.09,8400
pink,Fraser,BC South Coast,49.12333,123.0569,123,8,1977,2387.81,14200
pink,Fraser,BC South Coast,49.12333,123.0569,123,8,1979,3560.65,18800
pink,Fraser,BC South Coast,49.12333,123.0569,123,8,1981,4488.34,15300
pink,Fraser,BC South Coast,49.12333,123.0569,123,8,1983,4631.62,18900
pink,Fraser,BC South Coast,49.12333,123.0569,123,8,1985,6460.62,7200
pink,Fraser,BC South Coast,49.12333,123.0569,123,8,1987,3223.52,16700
pink,Fraser,BC South Coast,49.12333,123.0569,123,8,1989,7189.19,23000
pink,Fraser,BC South Coast,49.12333,123.0569,123,8,1991,12059,18000
pink,Fraser,BC South Coast,49.12333,123.0569,123,8,1993,10774.68,12800
pink,Fraser,BC South Coast,49.12333,123.0569,123,8,1995,7291.1,8100
pink,Golovin,Norton Sound,64.5433,163.029,4053,41,1968,203.37,292.02
pink,Golovin,Norton Sound,64.5433,163.029,4053,41,1969,232.65,14.4
pink,Golovin,Norton Sound,64.5433,163.029,4053,41,1970,271.25,47.9
pink,Golovin,Norton Sound,64.5433,163.029,4053,41,1971,10.12,47.72
pink,Golovin,Norton Sound,64.5433,163.029,4053,41,1972,39.6,54.66
pink,Golovin,Norton Sound,64.5433,163.029,4053,41,1973,33.57,47.44
pink,Golovin,Norton Sound,64.5433,163.029,4053,41,1974,25.35,54.64
pink,Golovin,Norton Sound,64.5433,163.029,4053,41,1975,34.65,15.6
pink,Golovin,Norton Sound,64.5433,163.029,4053,41,1976,28.59,497.67
pink,Golovin,Norton Sound,64.5433,163.029,4053,41,1977,6.97,60.94
pink,Golovin,Norton Sound,64.5433,163.029,4053,41,1978,423.16,132.28
pink,Golovin,Norton Sound,64.5433,163.029,4053,41,1979,12.45,54.91
pink,Golovin,Norton Sound,64.5433,163.029,4053,41,1980,110.78,487.18
pink,Golovin,Norton Sound,64.5433,163.029,4053,41,1982,442.92,407.53
pink,Golovin,Norton Sound,64.5433,163.029,4053,41,1984,318.94,25.57
pink,Hood Canal,Washington,47.5644,122.9956,49,6,1959,30.5,44.39
pink,Hood Canal,Washington,47.5644,122.9956,49,6,1961,36.8,885.31
pink,Hood Canal,Washington,47.5644,122.9956,49,6,1963,503,217.87
pink,Hood Canal,Washington,47.5644,122.9956,49,6,1965,160,452.32
pink,Hood Canal,Washington,47.5644,122.9956,49,6,1967,269,57.84
pink,Hood Canal,Washington,47.5644,122.9956,49,6,1969,42,136.44
pink,Hood Canal,Washington,47.5644,122.9956,49,6,1971,104,67.88
pink,Hood Canal,Washington,47.5644,122.9956,49,6,1973,46.5,17.81
pink,Hood Canal,Washington,47.5644,122.9956,49,6,1975,12.5,77.65
pink,Hood Canal,Washington,47.5644,122.9956,49,6,1977,44,65.93
pink,Hood Canal,Washington,47.5644,122.9956,49,6,1979,37.1,11.06
pink,Hood Canal,Washington,47.5644,122.9956,49,6,1981,6.45,28.55
pink,Hood Canal,Washington,47.5644,122.9956,49,6,1983,25,91.24
pink,Hood Canal,Washington,47.5644,122.9956,49,6,1985,63.8,72.02
pink,Hood Canal,Washington,47.5644,122.9956,49,6,1987,62.1,105.52
pink,Hood Canal,Washington,47.5644,122.9956,49,6,1989,60.8,150.76
pink,Hood Canal,Washington,47.5644,122.9956,49,6,1991,118.2,36.79
pink,Hood Canal,Washington,47.5644,122.9956,49,6,1993,35.33,35.27
pink,Hood Canal,Washington,47.5644,122.9956,49,6,1995,31.29,8.56
pink,Humpy Cr.,Yakutat,59.6444,139.5844,1614,19,1972,4.89,6.04
pink,Humpy Cr.,Yakutat,59.6444,139.5844,1614,19,1973,3.97,109.21
pink,Humpy Cr.,Yakutat,59.6444,139.5844,1614,19,1974,6,33.19
pink,Humpy Cr.,Yakutat,59.6444,139.5844,1614,19,1975,39,75.1
pink,Humpy Cr.,Yakutat,59.6444,139.5844,1614,19,1976,14.02,30.5
pink,Humpy Cr.,Yakutat,59.6444,139.5844,1614,19,1977,36,155.24
pink,Humpy Cr.,Yakutat,59.6444,139.5844,1614,19,1978,15,126.11
pink,Humpy Cr.,Yakutat,59.6444,139.5844,1614,19,1979,45,304.13
pink,Humpy Cr.,Yakutat,59.6444,139.5844,1614,19,1980,30,27.42
pink,Humpy Cr.,Yakutat,59.6444,139.5844,1614,19,1981,210,101.37
pink,Humpy Cr.,Yakutat,59.6444,139.5844,1614,19,1982,26.1,48.61
pink,Humpy Cr.,Yakutat,59.6444,139.5844,1614,19,1983,90,227.28
pink,Humpy Cr.,Yakutat,59.6444,139.5844,1614,19,1984,48,31.26
pink,Humpy Cr.,Yakutat,59.6444,139.5844,1614,19,1985,225,6.12
pink,Humpy Cr.,Yakutat,59.6444,139.5844,1614,19,1986,30.7,126.58
pink,Humpy Cr.,Yakutat,59.6444,139.5844,1614,19,1987,6,65.63
pink,Humpy Cr.,Yakutat,59.6444,139.5844,1614,19,1988,30,42.97
pink,Humpy Cr.,Yakutat,59.6444,139.5844,1614,19,1989,60.6,24.21
pink,Humpy Cr.,Yakutat,59.6444,139.5844,1614,19,1990,41.4,15.33
pink,Humpy Cr.,Yakutat,59.6444,139.5844,1614,19,1991,24.15,39.17
pink,Humpy Cr.,Yakutat,59.6444,139.5844,1614,19,1992,13.5,33.29
pink,Inner South Coast wo Fraser,BC South Coast,50.28778,125.2008,309,9,1954,297.75,1220.63
pink,Inner South Coast wo Fraser,BC South Coast,50.28778,125.2008,309,9,1956,300.33,1752.57
pink,Inner South Coast wo Fraser,BC South Coast,50.28778,125.2008,309,9,1958,386,509.32
pink,Inner South Coast wo Fraser,BC South Coast,50.28778,125.2008,309,9,1960,165.1,1232.09
pink,Inner South Coast wo Fraser,BC South Coast,50.28778,125.2008,309,9,1962,480.9,1330.97
pink,Inner South Coast wo Fraser,BC South Coast,50.28778,125.2008,309,9,1964,477,4218.87
pink,Inner South Coast wo Fraser,BC South Coast,50.28778,125.2008,309,9,1966,779.93,4582.91
pink,Inner South Coast wo Fraser,BC South Coast,50.28778,125.2008,309,9,1968,878.43,3016.74
pink,Inner South Coast wo Fraser,BC South Coast,50.28778,125.2008,309,9,1970,675.08,1293.57
pink,Inner South Coast wo Fraser,BC South Coast,50.28778,125.2008,309,9,1972,563.77,2468.75
pink,Inner South Coast wo Fraser,BC South Coast,50.28778,125.2008,309,9,1974,918.39,5210.74
pink,Inner South Coast wo Fraser,BC South Coast,50.28778,125.2008,309,9,1976,1432.7,2208.82
pink,Inner South Coast wo Fraser,BC South Coast,50.28778,125.2008,309,9,1978,926.98,2382.83
pink,Inner South Coast wo Fraser,BC South Coast,50.28778,125.2008,309,9,1980,1248.98,689.54
pink,Inner South Coast wo Fraser,BC South Coast,50.28778,125.2008,309,9,1982,504.4,501.1
pink,Inner South Coast wo Fraser,BC South Coast,50.28778,125.2008,309,9,1984,284.62,1678.15
pink,Inner South Coast wo Fraser,BC South Coast,50.28778,125.2008,309,9,1986,1176.89,2610.39
pink,Inner South Coast wo Fraser,BC South Coast,50.28778,125.2008,309,9,1988,1762.71,7176.67
pink,Inner South Coast wo Fraser,BC South Coast,50.28778,125.2008,309,9,1990,3299.77,3318.26
pink,Inner South Coast wo Fraser,BC South Coast,50.28778,125.2008,309,9,1992,2206.5,1439.66
pink,Inner South Coast wo Fraser,BC South Coast,50.28778,125.2008,309,9,1994,1231.72,2375.34
pink,Kamishak,Cook Inlet,59.27,154.1175,2510,25,1960,19.5,333.2
pink,Kamishak,Cook Inlet,59.27,154.1175,2510,25,1962,30,33.5
pink,Kamishak,Cook Inlet,59.27,154.1175,2510,25,1963,37,10.9
pink,Kamishak,Cook Inlet,59.27,154.1175,2510,25,1964,20,33.9
pink,Kamishak,Cook Inlet,59.27,154.1175,2510,25,1966,20,126.2
pink,Kamishak,Cook Inlet,59.27,154.1175,2510,25,1967,0.5,5
pink,Kamishak,Cook Inlet,59.27,154.1175,2510,25,1969,8,101.1
pink,Kamishak,Cook Inlet,59.27,154.1175,2510,25,1970,42,5.7
pink,Kamishak,Cook Inlet,59.27,154.1175,2510,25,1971,73,18.1
pink,Kamishak,Cook Inlet,59.27,154.1175,2510,25,1972,5.7,0.8
pink,Kamishak,Cook Inlet,59.27,154.1175,2510,25,1973,10.2,50
pink,Kamishak,Cook Inlet,59.27,154.1175,2510,25,1974,0.8,15
pink,Kamishak,Cook Inlet,59.27,154.1175,2510,25,1975,50,88.2
pink,Kamishak,Cook Inlet,59.27,154.1175,2510,25,1976,15,34.2
pink,Kamishak,Cook Inlet,59.27,154.1175,2510,25,1977,82,281.7
pink,Kamishak,Cook Inlet,59.27,154.1175,2510,25,1978,34.1,508.1
pink,Kamishak,Cook Inlet,59.27,154.1175,2510,25,1979,227,192.9
pink,Kamishak,Cook Inlet,59.27,154.1175,2510,25,1980,407.5,124
pink,Kamishak,Cook Inlet,59.27,154.1175,2510,25,1981,126.9,10.7
pink,Kamishak,Cook Inlet,59.27,154.1175,2510,25,1982,90.5,262.5
pink,Kamishak,Cook Inlet,59.27,154.1175,2510,25,1983,10.4,21.9
pink,Kamishak,Cook Inlet,59.27,154.1175,2510,25,1984,128.8,1757.8
pink,Kamishak,Cook Inlet,59.27,154.1175,2510,25,1985,21.9,164.5
pink,Kamishak,Cook Inlet,59.27,154.1175,2510,25,1986,1337,118.9
pink,Kamishak,Cook Inlet,59.27,154.1175,2510,25,1987,93.9,829.6
pink,Kamishak,Cook Inlet,59.27,154.1175,2510,25,1988,64,23.5
pink,Kamishak,Cook Inlet,59.27,154.1175,2510,25,1989,573,157.6
pink,Kamishak,Cook Inlet,59.27,154.1175,2510,25,1990,22.8,13
pink,Kamishak,Cook Inlet,59.27,154.1175,2510,25,1991,112.5,185.9
pink,Kamishak,Cook Inlet,59.27,154.1175,2510,25,1992,11.1,10.4
pink,Kamishak,Cook Inlet,59.27,154.1175,2510,25,1993,185.8,662.7
pink,Kamishak,Cook Inlet,59.27,154.1175,2510,25,1994,10.4,32.8
pink,Kamishak,Cook Inlet,59.27,154.1175,2510,25,1995,499.9,95.1
pink,Kamishak,Cook Inlet,59.27,154.1175,2510,25,1996,32.8,166.8
pink,Kodiak Eside-Nend,Kodiak,57.77889,152.3592,2424,29,1980,839.9,1416.48
pink,Kodiak Eside-Nend,Kodiak,57.77889,152.3592,2424,29,1981,931.82,1750.62
pink,Kodiak Eside-Nend,Kodiak,57.77889,152.3592,2424,29,1982,588.9,979.99
pink,Kodiak Eside-Nend,Kodiak,57.77889,152.3592,2424,29,1983,652.09,1539.52
pink,Kodiak Eside-Nend,Kodiak,57.77889,152.3592,2424,29,1984,581.12,1309.34
pink,Kodiak Eside-Nend,Kodiak,57.77889,152.3592,2424,29,1985,971.07,1943.55
pink,Kodiak Eside-Nend,Kodiak,57.77889,152.3592,2424,29,1986,707.22,3730.7
pink,Kodiak Eside-Nend,Kodiak,57.77889,152.3592,2424,29,1987,679.85,2713.1
pink,Kodiak Eside-Nend,Kodiak,57.77889,152.3592,2424,29,1988,856.7,911.44
pink,Kodiak Eside-Nend,Kodiak,57.77889,152.3592,2424,29,1989,2713.1,7343.53
pink,Kodiak Eside-Nend,Kodiak,57.77889,152.3592,2424,29,1990,498.44,1117.44
pink,Kodiak Eside-Nend,Kodiak,57.77889,152.3592,2424,29,1991,1174.53,6718.96
pink,Kodiak Eside-Nend,Kodiak,57.77889,152.3592,2424,29,1992,557.94,1852.85
pink,Kodiak Eside-Nend,Kodiak,57.77889,152.3592,2424,29,1993,1305.56,11286.43
pink,Kodiak Eside-Nend,Kodiak,57.77889,152.3592,2424,29,1994,994.65,392.48
pink,Kodiak Eside-Nend,Kodiak,57.77889,152.3592,2424,29,1995,2665.43,2142.89
pink,Kodiak Eside-Nend,Kodiak,57.77889,152.3592,2424,29,1996,344.98,1398.93
pink,Kodiak Mainland,Kodiak,58.03333,154.6644,2562,30,1980,529.89,1106.38
pink,Kodiak Mainland,Kodiak,58.03333,154.6644,2562,30,1981,533,427.26
pink,Kodiak Mainland,Kodiak,58.03333,154.6644,2562,30,1982,524.5,839.52
pink,Kodiak Mainland,Kodiak,58.03333,154.6644,2562,30,1983,243.52,698.43
pink,Kodiak Mainland,Kodiak,58.03333,154.6644,2562,30,1984,494.78,1398.89
pink,Kodiak Mainland,Kodiak,58.03333,154.6644,2562,30,1985,437.38,756.6
pink,Kodiak Mainland,Kodiak,58.03333,154.6644,2562,30,1986,592.71,2649
pink,Kodiak Mainland,Kodiak,58.03333,154.6644,2562,30,1987,530.4,3977.02
pink,Kodiak Mainland,Kodiak,58.03333,154.6644,2562,30,1988,901,1525.51
pink,Kodiak Mainland,Kodiak,58.03333,154.6644,2562,30,1989,3977.02,2308
pink,Kodiak Mainland,Kodiak,58.03333,154.6644,2562,30,1990,649.51,608.66
pink,Kodiak Mainland,Kodiak,58.03333,154.6644,2562,30,1991,1142,1825.11
pink,Kodiak Mainland,Kodiak,58.03333,154.6644,2562,30,1992,419.06,538.73
pink,Kodiak Mainland,Kodiak,58.03333,154.6644,2562,30,1993,459.41,1463.73
pink,Kodiak Mainland,Kodiak,58.03333,154.6644,2562,30,1994,344.93,480.25
pink,Kodiak Mainland,Kodiak,58.03333,154.6644,2562,30,1995,767.73,1567.35
pink,Kodiak Mainland,Kodiak,58.03333,154.6644,2562,30,1996,430.45,1454.05
pink,Kodiak Wside,Kodiak,57.11389,154.4947,2565,27,1980,4086.95,8739.94
pink,Kodiak Wside,Kodiak,57.11389,154.4947,2565,27,1981,680.66,2172.91
pink,Kodiak Wside,Kodiak,57.11389,154.4947,2565,27,1982,3461.81,11828.66
pink,Kodiak Wside,Kodiak,57.11389,154.4947,2565,27,1983,604.58,2260.82
pink,Kodiak Wside,Kodiak,57.11389,154.4947,2565,27,1984,2897.97,10255.65
pink,Kodiak Wside,Kodiak,57.11389,154.4947,2565,27,1985,581.26,1944.53
pink,Kodiak Wside,Kodiak,57.11389,154.4947,2565,27,1986,2090.57,8257.5
pink,Kodiak Wside,Kodiak,57.11389,154.4947,2565,27,1987,542.53,4298.63
pink,Kodiak Wside,Kodiak,57.11389,154.4947,2565,27,1988,1736.5,7581.56
pink,Kodiak Wside,Kodiak,57.11389,154.4947,2565,27,1989,4298.63,6212.85
pink,Kodiak Wside,Kodiak,57.11389,154.4947,2565,27,1990,4581.56,3308.87
pink,Kodiak Wside,Kodiak,57.11389,154.4947,2565,27,1991,1221.85,10248.89
pink,Kodiak Wside,Kodiak,57.11389,154.4947,2565,27,1992,1907.57,4889.56
pink,Kodiak Wside,Kodiak,57.11389,154.4947,2565,27,1993,1169.19,20891
pink,Kodiak Wside,Kodiak,57.11389,154.4947,2565,27,1994,1574.56,3648.34
pink,Kodiak Wside,Kodiak,57.11389,154.4947,2565,27,1995,2680,7327.85
pink,Kodiak Wside,Kodiak,57.11389,154.4947,2565,27,1996,1957.24,15361.07
pink,Montague,Prince William Sound,60.10917,147.3411,2082,21,1971,296.73,266.3
pink,Montague,Prince William Sound,60.10917,147.3411,2082,21,1972,33.14,11.75
pink,Montague,Prince William Sound,60.10917,147.3411,2082,21,1973,119.52,203.85
pink,Montague,Prince William Sound,60.10917,147.3411,2082,21,1974,11.75,13.79
pink,Montague,Prince William Sound,60.10917,147.3411,2082,21,1975,85.38,230.06
pink,Montague,Prince William Sound,60.10917,147.3411,2082,21,1976,13.79,56.69
pink,Montague,Prince William Sound,60.10917,147.3411,2082,21,1977,152.96,1566.81
pink,Montague,Prince William Sound,60.10917,147.3411,2082,21,1978,56.69,119.35
pink,Montague,Prince William Sound,60.10917,147.3411,2082,21,1979,219.4,534.3
pink,Montague,Prince William Sound,60.10917,147.3411,2082,21,1980,118.4,138.82
pink,Montague,Prince William Sound,60.10917,147.3411,2082,21,1981,255.42,388.44
pink,Montague,Prince William Sound,60.10917,147.3411,2082,21,1982,132.38,203.4
pink,Montague,Prince William Sound,60.10917,147.3411,2082,21,1983,230.2,1781.05
pink,Montague,Prince William Sound,60.10917,147.3411,2082,21,1984,191.81,44.68
pink,Montague,Prince William Sound,60.10917,147.3411,2082,21,1985,332.24,260.27
pink,Montague,Prince William Sound,60.10917,147.3411,2082,21,1986,44.68,67.99
pink,Montague,Prince William Sound,60.10917,147.3411,2082,21,1987,149.26,181.76
pink,Montague,Prince William Sound,60.10917,147.3411,2082,21,1988,67.99,124.23
pink,Montague,Prince William Sound,60.10917,147.3411,2082,21,1989,181.76,247.89
pink,Montague,Prince William Sound,60.10917,147.3411,2082,21,1990,113.57,47.16
pink,Montague,Prince William Sound,60.10917,147.3411,2082,21,1991,247.89,144.78
pink,Montague,Prince William Sound,60.10917,147.3411,2082,21,1992,47.16,60.08
pink,Montague,Prince William Sound,60.10917,147.3411,2082,21,1993,144.78,201.69
pink,Montague,Prince William Sound,60.10917,147.3411,2082,21,1994,60.08,92.97
pink,Montague,Prince William Sound,60.10917,147.3411,2082,21,1995,183.45,272.05
pink,Montague,Prince William Sound,60.10917,147.3411,2082,21,1996,92.97,591.8
pink,Moses Pt and Norton Bay,Norton Sound,64.748,161.78,4000,42,1968,126.76,390.27
pink,Moses Pt and Norton Bay,Norton Sound,64.748,161.78,4000,42,1969,69.47,26.3
pink,Moses Pt and Norton Bay,Norton Sound,64.748,161.78,4000,42,1970,371.72,91.39
pink,Moses Pt and Norton Bay,Norton Sound,64.748,161.78,4000,42,1971,24.24,66.34
pink,Moses Pt and Norton Bay,Norton Sound,64.748,161.78,4000,42,1972,83.56,74.63
pink,Moses Pt and Norton Bay,Norton Sound,64.748,161.78,4000,42,1973,54.09,118.11
pink,Moses Pt and Norton Bay,Norton Sound,64.748,161.78,4000,42,1974,58.76,50.15
pink,Moses Pt and Norton Bay,Norton Sound,64.748,161.78,4000,42,1975,95.32,64.42
pink,Moses Pt and Norton Bay,Norton Sound,64.748,161.78,4000,42,1976,35.57,125.13
pink,Moses Pt and Norton Bay,Norton Sound,64.748,161.78,4000,42,1977,50.92,222.94
pink,Moses Pt and Norton Bay,Norton Sound,64.748,161.78,4000,42,1978,73.76,994.32
pink,Moses Pt and Norton Bay,Norton Sound,64.748,161.78,4000,42,1980,984.33,542.05
pink,Moses Pt and Norton Bay,Norton Sound,64.748,161.78,4000,42,1982,523.28,859.34
pink,Moses Pt and Norton Bay,Norton Sound,64.748,161.78,4000,42,1983,292.76,33.33
pink,Moses Pt and Norton Bay,Norton Sound,64.748,161.78,4000,42,1984,830.14,292.96
pink,Moses Pt and Norton Bay,Norton Sound,64.748,161.78,4000,42,1985,31.49,6.73
pink,Moses Pt and Norton Bay,Norton Sound,64.748,161.78,4000,42,1986,277.13,317.81
pink,Moses Pt and Norton Bay,Norton Sound,64.748,161.78,4000,42,1988,302.35,591.35
pink,Moses Pt and Norton Bay,Norton Sound,64.748,161.78,4000,42,1990,590.85,1603.32
pink,Moses Pt and Norton Bay,Norton Sound,64.748,161.78,4000,42,1991,81.46,63.73
pink,Moses Pt and Norton Bay,Norton Sound,64.748,161.78,4000,42,1993,61.72,30.12
pink,Moses Pt and Norton Bay,Norton Sound,64.748,161.78,4000,42,1995,21.59,29.54
pink,Nome,Norton Sound,64.4828,165.305,4105,40,1978,70.14,430.05
pink,Nome,Norton Sound,64.4828,165.305,4105,40,1980,397.8,677.38
pink,Nome,Norton Sound,64.4828,165.305,4105,40,1981,13.1,28.6
pink,Nome,Norton Sound,64.4828,165.305,4105,40,1982,639.67,2405.39
pink,Nome,Norton Sound,64.4828,165.305,4105,40,1983,20.21,13.38
pink,Nome,Norton Sound,64.4828,165.305,4105,40,1984,2388.21,69.19
pink,Nome,Norton Sound,64.4828,165.305,4105,40,1985,11.26,2.68
pink,Nome,Norton Sound,64.4828,165.305,4105,40,1986,60.47,10.53
pink,Nome,Norton Sound,64.4828,165.305,4105,40,1987,1.43,30.81
pink,Nome,Norton Sound,64.4828,165.305,4105,40,1988,8.19,46.41
pink,Nome,Norton Sound,64.4828,165.305,4105,40,1989,29.77,25.32
pink,Nome,Norton Sound,64.4828,165.305,4105,40,1990,44.18,562.25
pink,Nome,Norton Sound,64.4828,165.305,4105,40,1991,25.13,15.05
pink,Nome,Norton Sound,64.4828,165.305,4105,40,1992,554.72,817.9
pink,Nome,Norton Sound,64.4828,165.305,4105,40,1993,14.18,1.97
pink,Nome,Norton Sound,64.4828,165.305,4105,40,1994,811.34,154.54
pink,Nome,Norton Sound,64.4828,165.305,4105,40,1995,1.48,1.56
pink,Nooksack,Puget Sound,48.775,122.5978,85,4,1959,30,197.7
pink,Nooksack,Puget Sound,48.775,122.5978,85,4,1961,100,630.69
pink,Nooksack,Puget Sound,48.775,122.5978,85,4,1963,150,33.72
pink,Nooksack,Puget Sound,48.775,122.5978,85,4,1965,15.25,75.46
pink,Nooksack,Puget Sound,48.775,122.5978,85,4,1967,20.38,45.23
pink,Nooksack,Puget Sound,48.775,122.5978,85,4,1969,22.82,111.51
pink,Nooksack,Puget Sound,48.775,122.5978,85,4,1971,64.06,163.7
pink,Nooksack,Puget Sound,48.775,122.5978,85,4,1973,42.35,113.34
pink,Nooksack,Puget Sound,48.775,122.5978,85,4,1975,37.9,56.82
pink,Nooksack,Puget Sound,48.775,122.5978,85,4,1977,19.47,264.55
pink,Nooksack,Puget Sound,48.775,122.5978,85,4,1979,48.77,109.12
pink,Nooksack,Puget Sound,48.775,122.5978,85,4,1981,26.81,107.98
pink,Nooksack,Puget Sound,48.775,122.5978,85,4,1983,66.97,48.01
pink,Nooksack,Puget Sound,48.775,122.5978,85,4,1985,24.91,89.42
pink,Nooksack,Puget Sound,48.775,122.5978,85,4,1987,32.69,300.71
pink,Nooksack,Puget Sound,48.775,122.5978,85,4,1989,126.01,122.62
pink,Nooksack,Puget Sound,48.775,122.5978,85,4,1991,21.3,98.32
pink,Nooksack,Puget Sound,48.775,122.5978,85,4,1993,51.68,291.34
pink,Nooksack,Puget Sound,48.775,122.5978,85,4,1995,207.11,62
pink,Nushagak,Bristol Bay,58.62222,158.5911,3364,39,1960,146.36,1423.44
pink,Nushagak,Bristol Bay,58.62222,158.5911,3364,39,1962,543.01,2407.88
pink,Nushagak,Bristol Bay,58.62222,158.5911,3364,39,1964,910.06,3779.49
pink,Nushagak,Bristol Bay,58.62222,158.5911,3364,39,1966,1442.42,3866.27
pink,Nushagak,Bristol Bay,58.62222,158.5911,3364,39,1968,2161.12,570.41
pink,Nushagak,Bristol Bay,58.62222,158.5911,3364,39,1970,152.58,126.49
pink,Nushagak,Bristol Bay,58.62222,158.5911,3364,39,1972,58.54,999.13
pink,Nushagak,Bristol Bay,58.62222,158.5911,3364,39,1974,585.52,1603.02
pink,Nushagak,Bristol Bay,58.62222,158.5911,3364,39,1976,863.43,13734.81
pink,Nushagak,Bristol Bay,58.62222,158.5911,3364,39,1978,9386.48,4987.74
pink,Nushagak,Bristol Bay,58.62222,158.5911,3364,39,1980,2785.2,2995.93
pink,Nushagak,Bristol Bay,58.62222,158.5911,3364,39,1982,1656.66,6053.61
pink,Nushagak,Bristol Bay,58.62222,158.5911,3364,39,1984,2926.45,339.31
pink,Nushagak,Bristol Bay,58.62222,158.5911,3364,39,1986,72.19,738.5
pink,Nushagak,Bristol Bay,58.62222,158.5911,3364,39,1988,494.61,855.56
pink,Nushagak,Bristol Bay,58.62222,158.5911,3364,39,1994,191.77,823.99
pink,Nushagak,Bristol Bay,58.62222,158.5911,3364,39,1996,821.31,139.21
pink,PWS E D.,Prince William Sound,60.78722222,146.7,2006,20,1967,255.24,1124.18
pink,PWS E D.,Prince William Sound,60.78722222,146.7,2006,20,1968,364.93,745.42
pink,PWS E D.,Prince William Sound,60.78722222,146.7,2006,20,1969,160.6,2327.41
pink,PWS E D.,Prince William Sound,60.78722222,146.7,2006,20,1970,387.09,344.47
pink,PWS E D.,Prince William Sound,60.78722222,146.7,2006,20,1971,352.8,636.49
pink,PWS E D.,Prince William Sound,60.78722222,146.7,2006,20,1972,344.47,256.88
pink,PWS E D.,Prince William Sound,60.78722222,146.7,2006,20,1973,309.04,1124.89
pink,PWS E D.,Prince William Sound,60.78722222,146.7,2006,20,1974,256.88,1853.02
pink,PWS E D.,Prince William Sound,60.78722222,146.7,2006,20,1975,412.56,2063.97
pink,PWS E D.,Prince William Sound,60.78722222,146.7,2006,20,1976,472.08,1795.2
pink,PWS E D.,Prince William Sound,60.78722222,146.7,2006,20,1977,390.93,5142.25
pink,PWS E D.,Prince William Sound,60.78722222,146.7,2006,20,1978,279.12,3676.09
pink,PWS E D.,Prince William Sound,60.78722222,146.7,2006,20,1979,642.22,5396.92
pink,PWS E D.,Prince William Sound,60.78722222,146.7,2006,20,1980,535.96,3532.67
pink,PWS E D.,Prince William Sound,60.78722222,146.7,2006,20,1981,599.34,2912.01
pink,PWS E D.,Prince William Sound,60.78722222,146.7,2006,20,1982,573.07,5734.77
pink,PWS E D.,Prince William Sound,60.78722222,146.7,2006,20,1983,481.95,7465.67
pink,PWS E D.,Prince William Sound,60.78722222,146.7,2006,20,1984,1209.74,2844.92
pink,PWS E D.,Prince William Sound,60.78722222,146.7,2006,20,1985,750.53,7479.12
pink,PWS E D.,Prince William Sound,60.78722222,146.7,2006,20,1986,356.38,843.69
pink,PWS E D.,Prince William Sound,60.78722222,146.7,2006,20,1987,514.57,3510.47
pink,PWS E D.,Prince William Sound,60.78722222,146.7,2006,20,1988,362.37,8414.02
pink,PWS E D.,Prince William Sound,60.78722222,146.7,2006,20,1989,359.37,3091.6
pink,PWS E D.,Prince William Sound,60.78722222,146.7,2006,20,1990,443.66,693.61
pink,PWS E D.,Prince William Sound,60.78722222,146.7,2006,20,1991,474.38,315.21
pink,PWS E D.,Prince William Sound,60.78722222,146.7,2006,20,1992,204.38,12169.56
pink,PWS E D.,Prince William Sound,60.78722222,146.7,2006,20,1993,315.21,4632.33
pink,PWS E D.,Prince William Sound,60.78722222,146.7,2006,20,1994,615.24,6643.3
pink,PWS E D.,Prince William Sound,60.78722222,146.7,2006,20,1995,396.7,4880.09
pink,PWS E D.,Prince William Sound,60.78722222,146.7,2006,20,1996,584.24,2608.76
pink,PWS SE D.,Prince William Sound,60.5,146.6,2001,22,1967,236.61,723.09
pink,PWS SE D.,Prince William Sound,60.5,146.6,2001,22,1968,179.12,231.1
pink,PWS SE D.,Prince William Sound,60.5,146.6,2001,22,1969,26.91,456.09
pink,PWS SE D.,Prince William Sound,60.5,146.6,2001,22,1970,140.66,79.06
pink,PWS SE D.,Prince William Sound,60.5,146.6,2001,22,1971,179.48,835.21
pink,PWS SE D.,Prince William Sound,60.5,146.6,2001,22,1972,79.06,94.65
pink,PWS SE D.,Prince William Sound,60.5,146.6,2001,22,1973,177.78,1070.13
pink,PWS SE D.,Prince William Sound,60.5,146.6,2001,22,1974,94.65,199.96
pink,PWS SE D.,Prince William Sound,60.5,146.6,2001,22,1975,194.67,1102.15
pink,PWS SE D.,Prince William Sound,60.5,146.6,2001,22,1976,117.59,380.73
pink,PWS SE D.,Prince William Sound,60.5,146.6,2001,22,1977,277.78,4889.56
pink,PWS SE D.,Prince William Sound,60.5,146.6,2001,22,1978,164.03,1579.07
pink,PWS SE D.,Prince William Sound,60.5,146.6,2001,22,1979,728.63,3581.14
pink,PWS SE D.,Prince William Sound,60.5,146.6,2001,22,1980,307.68,1229.98
pink,PWS SE D.,Prince William Sound,60.5,146.6,2001,22,1981,359.87,2083.69
pink,PWS SE D.,Prince William Sound,60.5,146.6,2001,22,1982,482.86,2037.6
pink,PWS SE D.,Prince William Sound,60.5,146.6,2001,22,1983,601.68,3379.07
pink,PWS SE D.,Prince William Sound,60.5,146.6,2001,22,1984,792.56,303.1
pink,PWS SE D.,Prince William Sound,60.5,146.6,2001,22,1985,645.51,1286.62
pink,PWS SE D.,Prince William Sound,60.5,146.6,2001,22,1986,155.83,154.32
pink,PWS SE D.,Prince William Sound,60.5,146.6,2001,22,1987,330.63,388.18
pink,PWS SE D.,Prince William Sound,60.5,146.6,2001,22,1988,152.54,316.42
pink,PWS SE D.,Prince William Sound,60.5,146.6,2001,22,1989,315,533.17
pink,PWS SE D.,Prince William Sound,60.5,146.6,2001,22,1990,304.09,95.07
pink,PWS SE D.,Prince William Sound,60.5,146.6,2001,22,1991,533.17,315.09
pink,PWS SE D.,Prince William Sound,60.5,146.6,2001,22,1992,95.07,196.38
pink,PWS SE D.,Prince William Sound,60.5,146.6,2001,22,1993,315.09,347.73
pink,PWS SE D.,Prince William Sound,60.5,146.6,2001,22,1994,196.38,330.29
pink,PWS SE D.,Prince William Sound,60.5,146.6,2001,22,1995,336.31,613.18
pink,PWS SE D.,Prince William Sound,60.5,146.6,2001,22,1996,330.29,549.49
pink,Perryville,Chignik,55.85417,159.3314,2880,35,1962,155.5,194.6
pink,Perryville,Chignik,55.85417,159.3314,2880,35,1963,162,726.8
pink,Perryville,Chignik,55.85417,159.3314,2880,35,1964,72,178.2
pink,Perryville,Chignik,55.85417,159.3314,2880,35,1965,82,160.5
pink,Perryville,Chignik,55.85417,159.3314,2880,35,1966,90,324.8
pink,Perryville,Chignik,55.85417,159.3314,2880,35,1967,155.3,1480.8
pink,Perryville,Chignik,55.85417,159.3314,2880,35,1968,128.7,444
pink,Perryville,Chignik,55.85417,159.3314,2880,35,1969,218.6,257.1
pink,Perryville,Chignik,55.85417,159.3314,2880,35,1970,72.6,19.8
pink,Perryville,Chignik,55.85417,159.3314,2880,35,1971,45,31.5
pink,Perryville,Chignik,55.85417,159.3314,2880,35,1972,7.8,60.2
pink,Perryville,Chignik,55.85417,159.3314,2880,35,1973,31.5,45.3
pink,Perryville,Chignik,55.85417,159.3314,2880,35,1974,60.2,194.5
pink,Perryville,Chignik,55.85417,159.3314,2880,35,1975,45.3,160
pink,Perryville,Chignik,55.85417,159.3314,2880,35,1976,89.3,438.3
pink,Perryville,Chignik,55.85417,159.3314,2880,35,1977,115.4,452.7
pink,Perryville,Chignik,55.85417,159.3314,2880,35,1978,157.5,189.4
pink,Perryville,Chignik,55.85417,159.3314,2880,35,1979,181.3,340.3
pink,Perryville,Chignik,55.85417,159.3314,2880,35,1980,74.8,31.7
pink,Perryville,Chignik,55.85417,159.3314,2880,35,1981,116,178.4
pink,Perryville,Chignik,55.85417,159.3314,2880,35,1982,13.4,110.6
pink,Perryville,Chignik,55.85417,159.3314,2880,35,1983,64.5,277.7
pink,Perryville,Chignik,55.85417,159.3314,2880,35,1984,109.8,341.8
pink,Perryville,Chignik,55.85417,159.3314,2880,35,1985,235.2,101
pink,Perryville,Chignik,55.85417,159.3314,2880,35,1986,180.5,592.5
pink,Perryville,Chignik,55.85417,159.3314,2880,35,1987,65.7,267.4
pink,Perryville,Chignik,55.85417,159.3314,2880,35,1988,181.3,133.8
pink,Perryville,Chignik,55.85417,159.3314,2880,35,1989,267.4,815.4
pink,Perryville,Chignik,55.85417,159.3314,2880,35,1990,88.4,548.6
pink,Perryville,Chignik,55.85417,159.3314,2880,35,1991,343.5,1097.5
pink,Perryville,Chignik,55.85417,159.3314,2880,35,1992,190.4,238.8
pink,Perryville,Chignik,55.85417,159.3314,2880,35,1993,448.4,1263.1
pink,Perryville,Chignik,55.85417,159.3314,2880,35,1994,153.9,454.2
pink,Perryville,Chignik,55.85417,159.3314,2880,35,1995,582.1,235.3
pink,Puyallup,Puget Sound,,,,,1959,14,35.3
pink,Puyallup,Puget Sound,,,,,1961,10,114.78
pink,Puyallup,Puget Sound,,,,,1963,10.22,35.63
pink,Puyallup,Puget Sound,,,,,1965,25.13,40.22
pink,Puyallup,Puget Sound,,,,,1967,22.04,22.86
pink,Puyallup,Puget Sound,,,,,1969,16,63.04
pink,Puyallup,Puget Sound,,,,,1971,40,31.49
pink,Puyallup,Puget Sound,,,,,1973,12.19,35.38
pink,Puyallup,Puget Sound,,,,,1975,11.8,55.19
pink,Puyallup,Washington,47.26972,122.4272,0,5,1977,29.43,102.38
pink,Puyallup,Washington,47.26972,122.4272,0,5,1979,29.48,34.02
pink,Puyallup,Washington,47.26972,122.4272,0,5,1981,12.12,25.34
pink,Puyallup,Washington,47.26972,122.4272,0,5,1983,11.6,53.77
pink,Puyallup,Washington,47.26972,122.4272,0,5,1985,34.1,45.78
pink,Puyallup,Washington,47.26972,122.4272,0,5,1987,34.4,108.41
pink,Puyallup,Washington,47.26972,122.4272,0,5,1989,49.85,23.35
pink,Puyallup,Washington,47.26972,122.4272,0,5,1991,14,12.84
pink,Puyallup,Washington,47.26972,122.4272,0,5,1993,10.07,25.39
pink,Puyallup,Washington,47.26972,122.4272,0,5,1995,17.6,2.89
pink,SEAK N Inside,Southeast Alaska,57.57528,134.7503,1234,16,1960,608.45,2052.75
pink,SEAK N Inside,Southeast Alaska,57.57528,134.7503,1234,16,1961,1940.7,15462.65
pink,SEAK N Inside,Southeast Alaska,57.57528,134.7503,1234,16,1962,1565.48,9030.79
pink,SEAK N Inside,Southeast Alaska,57.57528,134.7503,1234,16,1963,2834.51,6102.59
pink,SEAK N Inside,Southeast Alaska,57.57528,134.7503,1234,16,1964,1819.1,6690.11
pink,SEAK N Inside,Southeast Alaska,57.57528,134.7503,1234,16,1965,1545.91,3676.61
pink,SEAK N Inside,Southeast Alaska,57.57528,134.7503,1234,16,1966,1929.06,12908.29
pink,SEAK N Inside,Southeast Alaska,57.57528,134.7503,1234,16,1967,1354.36,5500.47
pink,SEAK N Inside,Southeast Alaska,57.57528,134.7503,1234,16,1968,3067.44,8059.56
pink,SEAK N Inside,Southeast Alaska,57.57528,134.7503,1234,16,1969,2015.21,6081.45
pink,SEAK N Inside,Southeast Alaska,57.57528,134.7503,1234,16,1970,2882.64,6761.22
pink,SEAK N Inside,Southeast Alaska,57.57528,134.7503,1234,16,1971,3153,4540.26
pink,SEAK N Inside,Southeast Alaska,57.57528,134.7503,1234,16,1972,3566.05,2792.32
pink,SEAK N Inside,Southeast Alaska,57.57528,134.7503,1234,16,1973,2915.59,1466.06
pink,SEAK N Inside,Southeast Alaska,57.57528,134.7503,1234,16,1974,2190.82,1348.2
pink,SEAK N Inside,Southeast Alaska,57.57528,134.7503,1234,16,1975,1414.85,5068.89
pink,SEAK N Inside,Southeast Alaska,57.57528,134.7503,1234,16,1976,1309.35,7325.09
pink,SEAK N Inside,Southeast Alaska,57.57528,134.7503,1234,16,1977,4738.55,8961.77
pink,SEAK N Inside,Southeast Alaska,57.57528,134.7503,1234,16,1978,4686.75,5318.08
pink,SEAK N Inside,Southeast Alaska,57.57528,134.7503,1234,16,1979,6865.7,7175.02
pink,SEAK N Inside,Southeast Alaska,57.57528,134.7503,1234,16,1980,3963.7,17654.94
pink,SEAK N Inside,Southeast Alaska,57.57528,134.7503,1234,16,1981,4524.74,9656.93
pink,SEAK N Inside,Southeast Alaska,57.57528,134.7503,1234,16,1982,6834.68,9645.55
pink,SEAK N Inside,Southeast Alaska,57.57528,134.7503,1234,16,1983,6148.26,30058.03
pink,SEAK N Inside,Southeast Alaska,57.57528,134.7503,1234,16,1984,5886.19,6241.22
pink,SEAK N Inside,Southeast Alaska,57.57528,134.7503,1234,16,1985,14441.31,12654
pink,SEAK N Inside,Southeast Alaska,57.57528,134.7503,1234,16,1986,5350.78,6098.36
pink,SEAK N Inside,Southeast Alaska,57.57528,134.7503,1234,16,1987,7467.76,20703.59
pink,SEAK N Inside,Southeast Alaska,57.57528,134.7503,1234,16,1988,4129.31,11976.21
pink,SEAK N Inside,Southeast Alaska,57.57528,134.7503,1234,16,1989,7972.45,27581.79
pink,SEAK N Inside,Southeast Alaska,57.57528,134.7503,1234,16,1990,6541.01,23891.77
pink,SEAK N Inside,Southeast Alaska,57.57528,134.7503,1234,16,1991,9550.21,24634.61
pink,SEAK N Inside,Southeast Alaska,57.57528,134.7503,1234,16,1992,8486.86,49721.47
pink,SEAK N Inside,Southeast Alaska,57.57528,134.7503,1234,16,1993,7579.14,11759.61
pink,SEAK N Inside,Southeast Alaska,57.57528,134.7503,1234,16,1994,14110.53,19678.79
pink,SEAK N Inside,Southeast Alaska,57.57528,134.7503,1234,16,1995,6905.15,22950.67
pink,SEAK N Inside,Southeast Alaska,57.57528,134.7503,1234,16,1996,10592.32,22501.9
pink,SEAK N Outside,Southeast Alaska,57.17694,135.7869,1281,17,1960,261.42,571.21
pink,SEAK N Outside,Southeast Alaska,57.17694,135.7869,1281,17,1961,1265.68,4064.06
pink,SEAK N Outside,Southeast Alaska,57.17694,135.7869,1281,17,1962,508.3,778.14
pink,SEAK N Outside,Southeast Alaska,57.17694,135.7869,1281,17,1963,2771.33,1977.66
pink,SEAK N Outside,Southeast Alaska,57.17694,135.7869,1281,17,1964,707.74,533.55
pink,SEAK N Outside,Southeast Alaska,57.17694,135.7869,1281,17,1965,1369.29,609.18
pink,SEAK N Outside,Southeast Alaska,57.17694,135.7869,1281,17,1966,507.54,584.78
pink,SEAK N Outside,Southeast Alaska,57.17694,135.7869,1281,17,1967,494.25,1477.44
pink,SEAK N Outside,Southeast Alaska,57.17694,135.7869,1281,17,1968,543.25,587.35
pink,SEAK N Outside,Southeast Alaska,57.17694,135.7869,1281,17,1969,1354.63,1054.57
pink,SEAK N Outside,Southeast Alaska,57.17694,135.7869,1281,17,1970,522.63,804.88
pink,SEAK N Outside,Southeast Alaska,57.17694,135.7869,1281,17,1971,966.12,1166.33
pink,SEAK N Outside,Southeast Alaska,57.17694,135.7869,1281,17,1972,760.05,1052.41
pink,SEAK N Outside,Southeast Alaska,57.17694,135.7869,1281,17,1973,916.01,1843.68
pink,SEAK N Outside,Southeast Alaska,57.17694,135.7869,1281,17,1974,997.92,996.48
pink,SEAK N Outside,Southeast Alaska,57.17694,135.7869,1281,17,1975,1279.89,6511.8
pink,SEAK N Outside,Southeast Alaska,57.17694,135.7869,1281,17,1976,898.33,2076.28
pink,SEAK N Outside,Southeast Alaska,57.17694,135.7869,1281,17,1977,4336.14,6181.59
pink,SEAK N Outside,Southeast Alaska,57.17694,135.7869,1281,17,1978,1941.62,897.5
pink,SEAK N Outside,Southeast Alaska,57.17694,135.7869,1281,17,1979,4464.66,6012.22
pink,SEAK N Outside,Southeast Alaska,57.17694,135.7869,1281,17,1980,826.88,2161.26
pink,SEAK N Outside,Southeast Alaska,57.17694,135.7869,1281,17,1981,3328.5,5557.96
pink,SEAK N Outside,Southeast Alaska,57.17694,135.7869,1281,17,1982,1688.52,3626.91
pink,SEAK N Outside,Southeast Alaska,57.17694,135.7869,1281,17,1983,3022.63,9968.9
pink,SEAK N Outside,Southeast Alaska,57.17694,135.7869,1281,17,1984,2394.27,1234.68
pink,SEAK N Outside,Southeast Alaska,57.17694,135.7869,1281,17,1985,4385.62,1781.45
pink,SEAK N Outside,Southeast Alaska,57.17694,135.7869,1281,17,1986,1025.13,714.17
pink,SEAK N Outside,Southeast Alaska,57.17694,135.7869,1281,17,1987,1367.69,2421.86
pink,SEAK N Outside,Southeast Alaska,57.17694,135.7869,1281,17,1988,657.85,1266.68
pink,SEAK N Outside,Southeast Alaska,57.17694,135.7869,1281,17,1989,1553,2361.85
pink,SEAK N Outside,Southeast Alaska,57.17694,135.7869,1281,17,1990,1101.88,2430.42
pink,SEAK N Outside,Southeast Alaska,57.17694,135.7869,1281,17,1991,1993.43,3168.48
pink,SEAK N Outside,Southeast Alaska,57.17694,135.7869,1281,17,1992,2035.33,5198.66
pink,SEAK N Outside,Southeast Alaska,57.17694,135.7869,1281,17,1993,2123.95,5243.23
pink,SEAK N Outside,Southeast Alaska,57.17694,135.7869,1281,17,1994,4209.6,6573.96
pink,SEAK N Outside,Southeast Alaska,57.17694,135.7869,1281,17,1995,3497.7,10516.84
pink,SEAK N Outside,Southeast Alaska,57.17694,135.7869,1281,17,1996,4760.42,13154.38
pink,SEAK S,Southeast Alaska,55.71556,131.8714,970,15,1960,1363.4,14302.77
pink,SEAK S,Southeast Alaska,55.71556,131.8714,970,15,1961,948.17,9797.11
pink,SEAK S,Southeast Alaska,55.71556,131.8714,970,15,1962,3295.48,16700.79
pink,SEAK S,Southeast Alaska,55.71556,131.8714,970,15,1963,4651.88,9612.62
pink,SEAK S,Southeast Alaska,55.71556,131.8714,970,15,1964,5441.8,22764.43
pink,SEAK S,Southeast Alaska,55.71556,131.8714,970,15,1965,3902.16,1671.56
pink,SEAK S,Southeast Alaska,55.71556,131.8714,970,15,1966,7114.73,19792.26
pink,SEAK S,Southeast Alaska,55.71556,131.8714,970,15,1967,1030.02,4208.08
pink,SEAK S,Southeast Alaska,55.71556,131.8714,970,15,1968,4591.56,9221.73
pink,SEAK S,Southeast Alaska,55.71556,131.8714,970,15,1969,3010.39,11427.03
pink,SEAK S,Southeast Alaska,55.71556,131.8714,970,15,1970,3810.11,13262.36
pink,SEAK S,Southeast Alaska,55.71556,131.8714,970,15,1971,5179.44,8673.89
pink,SEAK S,Southeast Alaska,55.71556,131.8714,970,15,1972,4109.36,8076.72
pink,SEAK S,Southeast Alaska,55.71556,131.8714,970,15,1973,4118.89,9403.25
pink,SEAK S,Southeast Alaska,55.71556,131.8714,970,15,1974,3855.72,13915.96
pink,SEAK S,Southeast Alaska,55.71556,131.8714,970,15,1975,6073.25,25377.18
pink,SEAK S,Southeast Alaska,55.71556,131.8714,970,15,1976,8758.96,30480.23
pink,SEAK S,Southeast Alaska,55.71556,131.8714,970,15,1977,14135.18,17390.94
pink,SEAK S,Southeast Alaska,55.71556,131.8714,970,15,1978,12055.23,25591.34
pink,SEAK S,Southeast Alaska,55.71556,131.8714,970,15,1979,10398.94,25289.36
pink,SEAK S,Southeast Alaska,55.71556,131.8714,970,15,1980,12684.34,22393.02
pink,SEAK S,Southeast Alaska,55.71556,131.8714,970,15,1981,11821.36,46026.86
pink,SEAK S,Southeast Alaska,55.71556,131.8714,970,15,1982,9476.02,38440.27
pink,SEAK S,Southeast Alaska,55.71556,131.8714,970,15,1983,14605.86,56955.48
pink,SEAK S,Southeast Alaska,55.71556,131.8714,970,15,1984,18803.27,76929.92
pink,SEAK S,Southeast Alaska,55.71556,131.8714,970,15,1985,26255.48,17406.26
pink,SEAK S,Southeast Alaska,55.71556,131.8714,970,15,1986,31929.92,17569.48
pink,SEAK S,Southeast Alaska,55.71556,131.8714,970,15,1987,12806.26,65850.44
pink,SEAK S,Southeast Alaska,55.71556,131.8714,970,15,1988,8522.48,42457.44
pink,SEAK S,Southeast Alaska,55.71556,131.8714,970,15,1989,20050.44,58805.83
pink,SEAK S,Southeast Alaska,55.71556,131.8714,970,15,1990,15757.44,35377.06
pink,SEAK S,Southeast Alaska,55.71556,131.8714,970,15,1991,15305.83,58847.86
pink,SEAK S,Southeast Alaska,55.71556,131.8714,970,15,1992,16377.06,36654.6
pink,SEAK S,Southeast Alaska,55.71556,131.8714,970,15,1993,19847.86,66624.78
pink,SEAK S,Southeast Alaska,55.71556,131.8714,970,15,1994,15554.6,98932.04
pink,SEAK S,Southeast Alaska,55.71556,131.8714,970,15,1995,25324.78,31997.55
pink,SEAK S,Southeast Alaska,55.71556,131.8714,970,15,1996,45232.04,72329.65
pink,Situk R.,Yakutat,59.43353,139.5467,1614,18,1962,210,242.74
pink,Situk R.,Yakutat,59.43353,139.5467,1614,18,1964,210,16.03
pink,Situk R.,Yakutat,59.43353,139.5467,1614,18,1965,90,267.54
pink,Situk R.,Yakutat,59.43353,139.5467,1614,18,1967,240,37.85
pink,Situk R.,Yakutat,59.43353,139.5467,1614,18,1969,34.5,30.18
pink,Situk R.,Yakutat,59.43353,139.5467,1614,18,1971,27.18,254.22
pink,Situk R.,Yakutat,59.43353,139.5467,1614,18,1972,30,63.68
pink,Situk R.,Yakutat,59.43353,139.5467,1614,18,1973,240,142.24
pink,Situk R.,Yakutat,59.43353,139.5467,1614,18,1974,60,45.97
pink,Situk R.,Yakutat,59.43353,139.5467,1614,18,1975,133.8,208.09
pink,Situk R.,Yakutat,59.43353,139.5467,1614,18,1976,38.08,373.41
pink,Situk R.,Yakutat,59.43353,139.5467,1614,18,1977,177.71,482.7
pink,Situk R.,Yakutat,59.43353,139.5467,1614,18,1978,360,294.3
pink,Situk R.,Yakutat,59.43353,139.5467,1614,18,1979,450,332.87
pink,Situk R.,Yakutat,59.43353,139.5467,1614,18,1980,250,47.05
pink,Situk R.,Yakutat,59.43353,139.5467,1614,18,1981,300,194.91
pink,Situk R.,Yakutat,59.43353,139.5467,1614,18,1982,40.3,127.15
pink,Situk R.,Yakutat,59.43353,139.5467,1614,18,1983,183.58,378.24
pink,Situk R.,Yakutat,59.43353,139.5467,1614,18,1984,113.16,261.18
pink,Situk R.,Yakutat,59.43353,139.5467,1614,18,1985,366,84.48
pink,Situk R.,Yakutat,59.43353,139.5467,1614,18,1986,255,97.47
pink,Situk R.,Yakutat,59.43353,139.5467,1614,18,1987,72,338.34
pink,Situk R.,Yakutat,59.43353,139.5467,1614,18,1988,78.75,553.51
pink,Situk R.,Yakutat,59.43353,139.5467,1614,18,1989,288.25,195.34
pink,Situk R.,Yakutat,59.43353,139.5467,1614,18,1990,525,25.65
pink,Skagit,Puget Sound,48.3875,122.3656,46,3,1959,200,666.29
pink,Skagit,Puget Sound,48.3875,122.3656,46,3,1961,400,4946.24
pink,Skagit,Puget Sound,48.3875,122.3656,46,3,1963,1190,286.53
pink,Skagit,Puget Sound,48.3875,122.3656,46,3,1965,150,253.09
pink,Skagit,Puget Sound,48.3875,122.3656,46,3,1967,100,152.49
pink,Skagit,Puget Sound,48.3875,122.3656,46,3,1969,100,494.19
pink,Skagit,Puget Sound,48.3875,122.3656,46,3,1971,300.56,493.08
pink,Skagit,Puget Sound,48.3875,122.3656,46,3,1973,251.18,200.35
pink,Skagit,Puget Sound,48.3875,122.3656,46,3,1975,103.14,902.12
pink,Skagit,Puget Sound,48.3875,122.3656,46,3,1977,504.92,983.26
pink,Skagit,Puget Sound,48.3875,122.3656,46,3,1979,300.38,362.55
pink,Skagit,Puget Sound,48.3875,122.3656,46,3,1981,100.27,541.28
pink,Skagit,Puget Sound,48.3875,122.3656,46,3,1983,470.13,1287.76
pink,Skagit,Puget Sound,48.3875,122.3656,46,3,1985,710.03,1059.25
pink,Skagit,Puget Sound,48.3875,122.3656,46,3,1987,593.54,1281.52
pink,Skagit,Puget Sound,48.3875,122.3656,46,3,1989,401.3,618.18
pink,Skagit,Puget Sound,48.3875,122.3656,46,3,1991,351,701.79
pink,Skagit,Puget Sound,48.3875,122.3656,46,3,1993,530,1557.37
pink,Skagit,Puget Sound,48.3875,122.3656,46,3,1995,857,109.77
pink,Snohomish,Puget Sound,,,,,1959,85,89.43
pink,Snohomish,Puget Sound,,,,,1961,50.17,970.71
pink,Snohomish,Puget Sound,,,,,1963,275.04,326.3
pink,Snohomish,Puget Sound,,,,,1965,185.02,221.36
pink,Snohomish,Puget Sound,,,,,1967,95.01,107.03
pink,Snohomish,Puget Sound,,,,,1969,70.01,189.83
pink,Snohomish,Puget Sound,,,,,1971,125,200.61
pink,Snohomish,Puget Sound,,,,,1973,110,122.6
pink,Snohomish,Puget Sound,,,,,1975,65.75,229.82
pink,Snohomish,Puget Sound,,,,,1977,125.99,352.09
pink,Snohomish,Puget Sound,,,,,1979,180.72,185.21
pink,Snohomish,Puget Sound,,,,,1981,90.1,258.27
pink,Snohomish,Puget Sound,,,,,1983,198.28,552.55
pink,Snohomish,Puget Sound,,,,,1985,302.19,224.34
pink,Snohomish,Puget Sound,,,,,1987,152.42,297.56
pink,Snohomish,Puget Sound,,,,,1989,80.15,247.11
pink,Snohomish,Puget Sound,,,,,1991,174,105.48
pink,Snohomish,Puget Sound,,,,,1993,100,115.26
pink,Snohomish,Puget Sound,,,,,1995,101.6,108.45
pink,Stillaguamish,Puget Sound,48.23861,122.3758,38,5,1959,125,222.83
pink,Stillaguamish,Puget Sound,48.23861,122.3758,38,5,1961,125,2258.77
pink,Stillaguamish,Puget Sound,48.23861,122.3758,38,5,1963,640,326.27
pink,Stillaguamish,Puget Sound,48.23861,122.3758,38,5,1965,185,244.63
pink,Stillaguamish,Puget Sound,48.23861,122.3758,38,5,1967,105,114.66
pink,Stillaguamish,Puget Sound,48.23861,122.3758,38,5,1969,75,303.73
pink,Stillaguamish,Puget Sound,48.23861,122.3758,38,5,1971,200,63.83
pink,Stillaguamish,Puget Sound,48.23861,122.3758,38,5,1973,35,55.99
pink,Stillaguamish,Puget Sound,48.23861,122.3758,38,5,1975,30,69.32
pink,Stillaguamish,Puget Sound,48.23861,122.3758,38,5,1977,38,263.07
pink,Stillaguamish,Puget Sound,48.23861,122.3758,38,5,1979,135,42.49
pink,Stillaguamish,Puget Sound,48.23861,122.3758,38,5,1981,18,164.25
pink,Stillaguamish,Puget Sound,48.23861,122.3758,38,5,1983,126.1,375.19
pink,Stillaguamish,Puget Sound,48.23861,122.3758,38,5,1985,200,175.17
pink,Stillaguamish,Puget Sound,48.23861,122.3758,38,5,1987,119,312.05
pink,Stillaguamish,Puget Sound,48.23861,122.3758,38,5,1989,70.4,123.8
pink,Stillaguamish,Puget Sound,48.23861,122.3758,38,5,1991,86,116.03
pink,Stillaguamish,Puget Sound,48.23861,122.3758,38,5,1993,110,240.93
pink,Stillaguamish,Puget Sound,48.23861,122.3758,38,5,1995,208,92.78
pink,Unalakleet,Norton Sound,63.86944,160.7878,3825,43,1970,12.4,86.3
pink,Unalakleet,Norton Sound,63.86944,160.7878,3825,43,1971,0.8,46.11
pink,Unalakleet,Norton Sound,63.86944,160.7878,3825,43,1972,54.93,254.96
pink,Unalakleet,Norton Sound,63.86944,160.7878,3825,43,1973,26.54,34.78
pink,Unalakleet,Norton Sound,63.86944,160.7878,3825,43,1974,154.29,52.13
pink,Unalakleet,Norton Sound,63.86944,160.7878,3825,43,1975,17.89,34.44
pink,Unalakleet,Norton Sound,63.86944,160.7878,3825,43,1976,10.61,171.28
pink,Unalakleet,Norton Sound,63.86944,160.7878,3825,43,1977,4.57,66.11
pink,Unalakleet,Norton Sound,63.86944,160.7878,3825,43,1978,21.81,350.11
pink,Unalakleet,Norton Sound,63.86944,160.7878,3825,43,1979,9.5,129.56
pink,Unalakleet,Norton Sound,63.86944,160.7878,3825,43,1980,127.9,336.25
pink,Unalakleet,Norton Sound,63.86944,160.7878,3825,43,1981,0.58,44.99
pink,Unalakleet,Norton Sound,63.86944,160.7878,3825,43,1982,173.35,475.81
pink,Unalakleet,Norton Sound,63.86944,160.7878,3825,43,1983,4.98,4.42
pink,Unalakleet,Norton Sound,63.86944,160.7878,3825,43,1984,458.39,236.49
pink,Unalakleet,Norton Sound,63.86944,160.7878,3825,43,1986,236.49,136.5
pink,Unalakleet,Norton Sound,63.86944,160.7878,3825,43,1988,112.77,25.69
pink,Unalakleet,Norton Sound,63.86944,160.7878,3825,43,1990,25.69,637.42
pink,Unalakleet,Norton Sound,63.86944,160.7878,3825,43,1991,118.72,55.63
pink,Unalakleet,Norton Sound,63.86944,160.7878,3825,43,1993,13.57,72.56
pink,Unalakleet,Norton Sound,63.86944,160.7878,3825,43,1995,18.3,28.67
